{
  "ABIRoot": {
    "kind": "Root",
    "name": "TopLevel",
    "printedName": "TopLevel",
    "children": [
      {
        "kind": "Import",
        "name": "Foundation",
        "printedName": "Foundation",
        "declKind": "Import",
        "moduleName": "KidozApplovinAdapter",
        "declAttributes": [
          "RawDocComment"
        ]
      },
      {
        "kind": "Import",
        "name": "KidozSDK",
        "printedName": "KidozSDK",
        "declKind": "Import",
        "moduleName": "KidozApplovinAdapter"
      },
      {
        "kind": "TypeDecl",
        "name": "KidozAppLovinSDKInfo",
        "printedName": "KidozAppLovinSDKInfo",
        "children": [
          {
            "kind": "Function",
            "name": "getSdkVersion",
            "printedName": "getSdkVersion()",
            "children": [
              {
                "kind": "TypeNominal",
                "name": "String",
                "printedName": "Swift.String",
                "usr": "s:SS"
              }
            ],
            "declKind": "Func",
            "usr": "s:20KidozApplovinAdapter0A15AppLovinSDKInfoC13getSdkVersionSSyFZ",
            "mangledName": "$s20KidozApplovinAdapter0A15AppLovinSDKInfoC13getSdkVersionSSyFZ",
            "moduleName": "KidozApplovinAdapter",
            "static": true,
            "declAttributes": [
              "Final",
              "AccessControl"
            ],
            "funcSelfKind": "NonMutating"
          },
          {
            "kind": "Function",
            "name": "networkSDKVersion",
            "printedName": "networkSDKVersion()",
            "children": [
              {
                "kind": "TypeNominal",
                "name": "String",
                "printedName": "Swift.String",
                "usr": "s:SS"
              }
            ],
            "declKind": "Func",
            "usr": "s:20KidozApplovinAdapter0A15AppLovinSDKInfoC17networkSDKVersionSSyFZ",
            "mangledName": "$s20KidozApplovinAdapter0A15AppLovinSDKInfoC17networkSDKVersionSSyFZ",
            "moduleName": "KidozApplovinAdapter",
            "static": true,
            "declAttributes": [
              "Final",
              "AccessControl"
            ],
            "funcSelfKind": "NonMutating"
          },
          {
            "kind": "Function",
            "name": "adapterSDKVersion",
            "printedName": "adapterSDKVersion()",
            "children": [
              {
                "kind": "TypeNominal",
                "name": "String",
                "printedName": "Swift.String",
                "usr": "s:SS"
              }
            ],
            "declKind": "Func",
            "usr": "s:20KidozApplovinAdapter0A15AppLovinSDKInfoC17adapterSDKVersionSSyFZ",
            "mangledName": "$s20KidozApplovinAdapter0A15AppLovinSDKInfoC17adapterSDKVersionSSyFZ",
            "moduleName": "KidozApplovinAdapter",
            "static": true,
            "declAttributes": [
              "Final",
              "AccessControl"
            ],
            "funcSelfKind": "NonMutating"
          },
          {
            "kind": "Constructor",
            "name": "init",
            "printedName": "init()",
            "children": [
              {
                "kind": "TypeNominal",
                "name": "KidozAppLovinSDKInfo",
                "printedName": "KidozApplovinAdapter.KidozAppLovinSDKInfo",
                "usr": "c:@M@KidozApplovinAdapter@objc(cs)KidozAppLovinSDKInfo"
              }
            ],
            "declKind": "Constructor",
            "usr": "c:@M@KidozApplovinAdapter@objc(cs)KidozAppLovinSDKInfo(im)init",
            "mangledName": "$s20KidozApplovinAdapter0A15AppLovinSDKInfoCACycfc",
            "moduleName": "KidozApplovinAdapter",
            "overriding": true,
            "implicit": true,
            "objc_name": "init",
            "declAttributes": [
              "Dynamic",
              "ObjC",
              "Override"
            ],
            "init_kind": "Designated"
          }
        ],
        "declKind": "Class",
        "usr": "c:@M@KidozApplovinAdapter@objc(cs)KidozAppLovinSDKInfo",
        "mangledName": "$s20KidozApplovinAdapter0A15AppLovinSDKInfoC",
        "moduleName": "KidozApplovinAdapter",
        "objc_name": "KidozAppLovinSDKInfo",
        "declAttributes": [
          "AccessControl",
          "ObjC"
        ],
        "superclassUsr": "c:objc(cs)NSObject",
        "inheritsConvenienceInitializers": true,
        "superclassNames": [
          "ObjectiveC.NSObject"
        ],
        "conformances": [
          {
            "kind": "Conformance",
            "name": "Equatable",
            "printedName": "Equatable",
            "usr": "s:SQ",
            "mangledName": "$sSQ"
          },
          {
            "kind": "Conformance",
            "name": "Hashable",
            "printedName": "Hashable",
            "usr": "s:SH",
            "mangledName": "$sSH"
          },
          {
            "kind": "Conformance",
            "name": "CVarArg",
            "printedName": "CVarArg",
            "usr": "s:s7CVarArgP",
            "mangledName": "$ss7CVarArgP"
          },
          {
            "kind": "Conformance",
            "name": "_KeyValueCodingAndObservingPublishing",
            "printedName": "_KeyValueCodingAndObservingPublishing",
            "usr": "s:10Foundation37_KeyValueCodingAndObservingPublishingP",
            "mangledName": "$s10Foundation37_KeyValueCodingAndObservingPublishingP"
          },
          {
            "kind": "Conformance",
            "name": "_KeyValueCodingAndObserving",
            "printedName": "_KeyValueCodingAndObserving",
            "usr": "s:10Foundation27_KeyValueCodingAndObservingP",
            "mangledName": "$s10Foundation27_KeyValueCodingAndObservingP"
          },
          {
            "kind": "Conformance",
            "name": "CustomStringConvertible",
            "printedName": "CustomStringConvertible",
            "usr": "s:s23CustomStringConvertibleP",
            "mangledName": "$ss23CustomStringConvertibleP"
          },
          {
            "kind": "Conformance",
            "name": "CustomDebugStringConvertible",
            "printedName": "CustomDebugStringConvertible",
            "usr": "s:s28CustomDebugStringConvertibleP",
            "mangledName": "$ss28CustomDebugStringConvertibleP"
          }
        ]
      },
      {
        "kind": "Import",
        "name": "AppLovinSDK",
        "printedName": "AppLovinSDK",
        "declKind": "Import",
        "moduleName": "KidozApplovinAdapter",
        "declAttributes": [
          "RawDocComment"
        ]
      },
      {
        "kind": "Import",
        "name": "KidozSDK",
        "printedName": "KidozSDK",
        "declKind": "Import",
        "moduleName": "KidozApplovinAdapter"
      },
      {
        "kind": "TypeDecl",
        "name": "KidozMediationAdapter",
        "printedName": "KidozMediationAdapter",
        "children": [
          {
            "kind": "Function",
            "name": "initialize",
            "printedName": "initialize(with:completionHandler:)",
            "children": [
              {
                "kind": "TypeNominal",
                "name": "Void",
                "printedName": "()"
              },
              {
                "kind": "TypeNominal",
                "name": "MAAdapterInitializationParameters",
                "printedName": "AppLovinSDK.MAAdapterInitializationParameters",
                "usr": "c:objc(pl)MAAdapterInitializationParameters"
              },
              {
                "kind": "TypeFunc",
                "name": "Function",
                "printedName": "(AppLovinSDK.MAAdapterInitializationStatus, Swift.String?) -> ()",
                "children": [
                  {
                    "kind": "TypeNominal",
                    "name": "Void",
                    "printedName": "()"
                  },
                  {
                    "kind": "TypeNominal",
                    "name": "Tuple",
                    "printedName": "(AppLovinSDK.MAAdapterInitializationStatus, Swift.String?)",
                    "children": [
                      {
                        "kind": "TypeNominal",
                        "name": "MAAdapterInitializationStatus",
                        "printedName": "AppLovinSDK.MAAdapterInitializationStatus",
                        "usr": "c:@E@MAAdapterInitializationStatus"
                      },
                      {
                        "kind": "TypeNominal",
                        "name": "Optional",
                        "printedName": "Swift.String?",
                        "children": [
                          {
                            "kind": "TypeNominal",
                            "name": "String",
                            "printedName": "Swift.String",
                            "usr": "s:SS"
                          }
                        ],
                        "usr": "s:Sq"
                      }
                    ]
                  }
                ]
              }
            ],
            "declKind": "Func",
            "usr": "c:@M@KidozApplovinAdapter@objc(cs)KidozMediationAdapter(im)initializeWithParameters:completionHandler:",
            "mangledName": "$s20KidozApplovinAdapter0a9MediationC0C10initialize4with17completionHandlerySo33MAAdapterInitializationParameters_p_ySo0iJ6StatusV_SSSgtctF",
            "moduleName": "KidozApplovinAdapter",
            "overriding": true,
            "objc_name": "initializeWithParameters:completionHandler:",
            "declAttributes": [
              "Dynamic",
              "ObjC",
              "Override",
              "AccessControl"
            ],
            "funcSelfKind": "NonMutating"
          },
          {
            "kind": "Function",
            "name": "SDKVersion",
            "printedName": "SDKVersion()",
            "children": [
              {
                "kind": "TypeNominal",
                "name": "String",
                "printedName": "Swift.String",
                "usr": "s:SS"
              }
            ],
            "declKind": "Func",
            "usr": "s:20KidozApplovinAdapter0a9MediationC0C10SDKVersionSSyF",
            "mangledName": "$s20KidozApplovinAdapter0a9MediationC0C10SDKVersionSSyF",
            "moduleName": "KidozApplovinAdapter",
            "declAttributes": [
              "AccessControl"
            ],
            "funcSelfKind": "NonMutating"
          },
          {
            "kind": "Function",
            "name": "adapterVersion",
            "printedName": "adapterVersion()",
            "children": [
              {
                "kind": "TypeNominal",
                "name": "String",
                "printedName": "Swift.String",
                "usr": "s:SS"
              }
            ],
            "declKind": "Func",
            "usr": "s:20KidozApplovinAdapter0a9MediationC0C14adapterVersionSSyF",
            "mangledName": "$s20KidozApplovinAdapter0a9MediationC0C14adapterVersionSSyF",
            "moduleName": "KidozApplovinAdapter",
            "declAttributes": [
              "AccessControl"
            ],
            "funcSelfKind": "NonMutating"
          },
          {
            "kind": "Function",
            "name": "onInitSuccess",
            "printedName": "onInitSuccess()",
            "children": [
              {
                "kind": "TypeNominal",
                "name": "Void",
                "printedName": "()"
              }
            ],
            "declKind": "Func",
            "usr": "c:@M@KidozApplovinAdapter@objc(cs)KidozMediationAdapter(im)onInitSuccess",
            "mangledName": "$s20KidozApplovinAdapter0a9MediationC0C13onInitSuccessyyF",
            "moduleName": "KidozApplovinAdapter",
            "objc_name": "onInitSuccess",
            "declAttributes": [
              "ObjC",
              "AccessControl"
            ],
            "funcSelfKind": "NonMutating"
          },
          {
            "kind": "Function",
            "name": "onInitError",
            "printedName": "onInitError(_:)",
            "children": [
              {
                "kind": "TypeNominal",
                "name": "Void",
                "printedName": "()"
              },
              {
                "kind": "TypeNominal",
                "name": "ImplicitlyUnwrappedOptional",
                "printedName": "Swift.String?",
                "children": [
                  {
                    "kind": "TypeNominal",
                    "name": "String",
                    "printedName": "Swift.String",
                    "usr": "s:SS"
                  }
                ],
                "usr": "s:Sq"
              }
            ],
            "declKind": "Func",
            "usr": "c:@M@KidozApplovinAdapter@objc(cs)KidozMediationAdapter(im)onInitError:",
            "mangledName": "$s20KidozApplovinAdapter0a9MediationC0C11onInitErroryySSSgF",
            "moduleName": "KidozApplovinAdapter",
            "objc_name": "onInitError:",
            "declAttributes": [
              "ObjC",
              "AccessControl"
            ],
            "funcSelfKind": "NonMutating"
          },
          {
            "kind": "Function",
            "name": "loadAdViewAd",
            "printedName": "loadAdViewAd(for:adFormat:andNotify:)",
            "children": [
              {
                "kind": "TypeNominal",
                "name": "Void",
                "printedName": "()"
              },
              {
                "kind": "TypeNominal",
                "name": "MAAdapterResponseParameters",
                "printedName": "AppLovinSDK.MAAdapterResponseParameters",
                "usr": "c:objc(pl)MAAdapterResponseParameters"
              },
              {
                "kind": "TypeNominal",
                "name": "MAAdFormat",
                "printedName": "AppLovinSDK.MAAdFormat",
                "usr": "c:objc(cs)MAAdFormat"
              },
              {
                "kind": "TypeNominal",
                "name": "MAAdViewAdapterDelegate",
                "printedName": "AppLovinSDK.MAAdViewAdapterDelegate",
                "usr": "c:objc(pl)MAAdViewAdapterDelegate"
              }
            ],
            "declKind": "Func",
            "usr": "c:@M@KidozApplovinAdapter@objc(cs)KidozMediationAdapter(im)loadAdViewAdForParameters:adFormat:andNotify:",
            "mangledName": "$s20KidozApplovinAdapter0a9MediationC0C010loadAdViewF03for8adFormat9andNotifyySo27MAAdapterResponseParameters_p_So04MAAdJ0CSo0pgC8Delegate_ptF",
            "moduleName": "KidozApplovinAdapter",
            "objc_name": "loadAdViewAdForParameters:adFormat:andNotify:",
            "declAttributes": [
              "ObjC",
              "AccessControl"
            ],
            "funcSelfKind": "NonMutating"
          },
          {
            "kind": "Function",
            "name": "onBannerAdLoaded",
            "printedName": "onBannerAdLoaded()",
            "children": [
              {
                "kind": "TypeNominal",
                "name": "Void",
                "printedName": "()"
              }
            ],
            "declKind": "Func",
            "usr": "c:@M@KidozApplovinAdapter@objc(cs)KidozMediationAdapter(im)onBannerAdLoaded",
            "mangledName": "$s20KidozApplovinAdapter0a9MediationC0C16onBannerAdLoadedyyF",
            "moduleName": "KidozApplovinAdapter",
            "objc_name": "onBannerAdLoaded",
            "declAttributes": [
              "ObjC",
              "AccessControl"
            ],
            "funcSelfKind": "NonMutating"
          },
          {
            "kind": "Function",
            "name": "onBannerAdFailedToLoad",
            "printedName": "onBannerAdFailedToLoad(error:)",
            "children": [
              {
                "kind": "TypeNominal",
                "name": "Void",
                "printedName": "()"
              },
              {
                "kind": "TypeNominal",
                "name": "KidozError",
                "printedName": "KidozSDK.KidozError",
                "usr": "c:@M@KidozSDK@objc(cs)KidozError"
              }
            ],
            "declKind": "Func",
            "usr": "c:@M@KidozApplovinAdapter@objc(cs)KidozMediationAdapter(im)onBannerAdFailedToLoadWithError:",
            "mangledName": "$s20KidozApplovinAdapter0a9MediationC0C22onBannerAdFailedToLoad5errory0A3SDK0A5ErrorC_tF",
            "moduleName": "KidozApplovinAdapter",
            "objc_name": "onBannerAdFailedToLoadWithError:",
            "declAttributes": [
              "ObjC",
              "AccessControl"
            ],
            "funcSelfKind": "NonMutating"
          },
          {
            "kind": "Function",
            "name": "onBannerAdShown",
            "printedName": "onBannerAdShown()",
            "children": [
              {
                "kind": "TypeNominal",
                "name": "Void",
                "printedName": "()"
              }
            ],
            "declKind": "Func",
            "usr": "c:@M@KidozApplovinAdapter@objc(cs)KidozMediationAdapter(im)onBannerAdShown",
            "mangledName": "$s20KidozApplovinAdapter0a9MediationC0C15onBannerAdShownyyF",
            "moduleName": "KidozApplovinAdapter",
            "objc_name": "onBannerAdShown",
            "declAttributes": [
              "ObjC",
              "AccessControl"
            ],
            "funcSelfKind": "NonMutating"
          },
          {
            "kind": "Function",
            "name": "onBannerAdFailedToShow",
            "printedName": "onBannerAdFailedToShow(error:)",
            "children": [
              {
                "kind": "TypeNominal",
                "name": "Void",
                "printedName": "()"
              },
              {
                "kind": "TypeNominal",
                "name": "KidozError",
                "printedName": "KidozSDK.KidozError",
                "usr": "c:@M@KidozSDK@objc(cs)KidozError"
              }
            ],
            "declKind": "Func",
            "usr": "c:@M@KidozApplovinAdapter@objc(cs)KidozMediationAdapter(im)onBannerAdFailedToShowWithError:",
            "mangledName": "$s20KidozApplovinAdapter0a9MediationC0C22onBannerAdFailedToShow5errory0A3SDK0A5ErrorC_tF",
            "moduleName": "KidozApplovinAdapter",
            "objc_name": "onBannerAdFailedToShowWithError:",
            "declAttributes": [
              "ObjC",
              "AccessControl"
            ],
            "funcSelfKind": "NonMutating"
          },
          {
            "kind": "Function",
            "name": "onBannerAdImpression",
            "printedName": "onBannerAdImpression()",
            "children": [
              {
                "kind": "TypeNominal",
                "name": "Void",
                "printedName": "()"
              }
            ],
            "declKind": "Func",
            "usr": "c:@M@KidozApplovinAdapter@objc(cs)KidozMediationAdapter(im)onBannerAdImpression",
            "mangledName": "$s20KidozApplovinAdapter0a9MediationC0C20onBannerAdImpressionyyF",
            "moduleName": "KidozApplovinAdapter",
            "objc_name": "onBannerAdImpression",
            "declAttributes": [
              "ObjC",
              "AccessControl"
            ],
            "funcSelfKind": "NonMutating"
          },
          {
            "kind": "Function",
            "name": "onBannerAdClosed",
            "printedName": "onBannerAdClosed()",
            "children": [
              {
                "kind": "TypeNominal",
                "name": "Void",
                "printedName": "()"
              }
            ],
            "declKind": "Func",
            "usr": "c:@M@KidozApplovinAdapter@objc(cs)KidozMediationAdapter(im)onBannerAdClosed",
            "mangledName": "$s20KidozApplovinAdapter0a9MediationC0C16onBannerAdClosedyyF",
            "moduleName": "KidozApplovinAdapter",
            "objc_name": "onBannerAdClosed",
            "declAttributes": [
              "ObjC",
              "AccessControl"
            ],
            "funcSelfKind": "NonMutating"
          },
          {
            "kind": "Function",
            "name": "loadInterstitialAd",
            "printedName": "loadInterstitialAd(for:andNotify:)",
            "children": [
              {
                "kind": "TypeNominal",
                "name": "Void",
                "printedName": "()"
              },
              {
                "kind": "TypeNominal",
                "name": "MAAdapterResponseParameters",
                "printedName": "AppLovinSDK.MAAdapterResponseParameters",
                "usr": "c:objc(pl)MAAdapterResponseParameters"
              },
              {
                "kind": "TypeNominal",
                "name": "MAInterstitialAdapterDelegate",
                "printedName": "AppLovinSDK.MAInterstitialAdapterDelegate",
                "usr": "c:objc(pl)MAInterstitialAdapterDelegate"
              }
            ],
            "declKind": "Func",
            "usr": "c:@M@KidozApplovinAdapter@objc(cs)KidozMediationAdapter(im)loadInterstitialAdForParameters:andNotify:",
            "mangledName": "$s20KidozApplovinAdapter0a9MediationC0C18loadInterstitialAd3for9andNotifyySo27MAAdapterResponseParameters_p_So014MAInterstitialC8Delegate_ptF",
            "moduleName": "KidozApplovinAdapter",
            "objc_name": "loadInterstitialAdForParameters:andNotify:",
            "declAttributes": [
              "ObjC",
              "AccessControl",
              "RawDocComment"
            ],
            "funcSelfKind": "NonMutating"
          },
          {
            "kind": "Function",
            "name": "showInterstitialAd",
            "printedName": "showInterstitialAd(for:andNotify:)",
            "children": [
              {
                "kind": "TypeNominal",
                "name": "Void",
                "printedName": "()"
              },
              {
                "kind": "TypeNominal",
                "name": "MAAdapterResponseParameters",
                "printedName": "AppLovinSDK.MAAdapterResponseParameters",
                "usr": "c:objc(pl)MAAdapterResponseParameters"
              },
              {
                "kind": "TypeNominal",
                "name": "MAInterstitialAdapterDelegate",
                "printedName": "AppLovinSDK.MAInterstitialAdapterDelegate",
                "usr": "c:objc(pl)MAInterstitialAdapterDelegate"
              }
            ],
            "declKind": "Func",
            "usr": "c:@M@KidozApplovinAdapter@objc(cs)KidozMediationAdapter(im)showInterstitialAdForParameters:andNotify:",
            "mangledName": "$s20KidozApplovinAdapter0a9MediationC0C18showInterstitialAd3for9andNotifyySo27MAAdapterResponseParameters_p_So014MAInterstitialC8Delegate_ptF",
            "moduleName": "KidozApplovinAdapter",
            "objc_name": "showInterstitialAdForParameters:andNotify:",
            "declAttributes": [
              "ObjC",
              "AccessControl"
            ],
            "funcSelfKind": "NonMutating"
          },
          {
            "kind": "Function",
            "name": "onInterstitialAdLoaded",
            "printedName": "onInterstitialAdLoaded(ad:)",
            "children": [
              {
                "kind": "TypeNominal",
                "name": "Void",
                "printedName": "()"
              },
              {
                "kind": "TypeNominal",
                "name": "KidozInterstitialAd",
                "printedName": "KidozSDK.KidozInterstitialAd",
                "usr": "c:@M@KidozSDK@objc(cs)KidozInterstitialAd"
              }
            ],
            "declKind": "Func",
            "usr": "c:@M@KidozApplovinAdapter@objc(cs)KidozMediationAdapter(im)onInterstitialAdLoadedWithAd:",
            "mangledName": "$s20KidozApplovinAdapter0a9MediationC0C22onInterstitialAdLoaded2ady0A3SDK0afG0C_tF",
            "moduleName": "KidozApplovinAdapter",
            "objc_name": "onInterstitialAdLoadedWithAd:",
            "declAttributes": [
              "ObjC",
              "AccessControl"
            ],
            "funcSelfKind": "NonMutating"
          },
          {
            "kind": "Function",
            "name": "onInterstitialAdFailedToLoad",
            "printedName": "onInterstitialAdFailedToLoad(error:)",
            "children": [
              {
                "kind": "TypeNominal",
                "name": "Void",
                "printedName": "()"
              },
              {
                "kind": "TypeNominal",
                "name": "KidozError",
                "printedName": "KidozSDK.KidozError",
                "usr": "c:@M@KidozSDK@objc(cs)KidozError"
              }
            ],
            "declKind": "Func",
            "usr": "c:@M@KidozApplovinAdapter@objc(cs)KidozMediationAdapter(im)onInterstitialAdFailedToLoadWithError:",
            "mangledName": "$s20KidozApplovinAdapter0a9MediationC0C28onInterstitialAdFailedToLoad5errory0A3SDK0A5ErrorC_tF",
            "moduleName": "KidozApplovinAdapter",
            "objc_name": "onInterstitialAdFailedToLoadWithError:",
            "declAttributes": [
              "ObjC",
              "AccessControl"
            ],
            "funcSelfKind": "NonMutating"
          },
          {
            "kind": "Function",
            "name": "onInterstitialAdShown",
            "printedName": "onInterstitialAdShown(ad:)",
            "children": [
              {
                "kind": "TypeNominal",
                "name": "Void",
                "printedName": "()"
              },
              {
                "kind": "TypeNominal",
                "name": "KidozInterstitialAd",
                "printedName": "KidozSDK.KidozInterstitialAd",
                "usr": "c:@M@KidozSDK@objc(cs)KidozInterstitialAd"
              }
            ],
            "declKind": "Func",
            "usr": "c:@M@KidozApplovinAdapter@objc(cs)KidozMediationAdapter(im)onInterstitialAdShownWithAd:",
            "mangledName": "$s20KidozApplovinAdapter0a9MediationC0C21onInterstitialAdShown2ady0A3SDK0afG0C_tF",
            "moduleName": "KidozApplovinAdapter",
            "objc_name": "onInterstitialAdShownWithAd:",
            "declAttributes": [
              "ObjC",
              "AccessControl"
            ],
            "funcSelfKind": "NonMutating"
          },
          {
            "kind": "Function",
            "name": "onInterstitialAdFailedToShow",
            "printedName": "onInterstitialAdFailedToShow(error:)",
            "children": [
              {
                "kind": "TypeNominal",
                "name": "Void",
                "printedName": "()"
              },
              {
                "kind": "TypeNominal",
                "name": "KidozError",
                "printedName": "KidozSDK.KidozError",
                "usr": "c:@M@KidozSDK@objc(cs)KidozError"
              }
            ],
            "declKind": "Func",
            "usr": "c:@M@KidozApplovinAdapter@objc(cs)KidozMediationAdapter(im)onInterstitialAdFailedToShowWithError:",
            "mangledName": "$s20KidozApplovinAdapter0a9MediationC0C28onInterstitialAdFailedToShow5errory0A3SDK0A5ErrorC_tF",
            "moduleName": "KidozApplovinAdapter",
            "objc_name": "onInterstitialAdFailedToShowWithError:",
            "declAttributes": [
              "ObjC",
              "AccessControl"
            ],
            "funcSelfKind": "NonMutating"
          },
          {
            "kind": "Function",
            "name": "onInterstitialImpression",
            "printedName": "onInterstitialImpression()",
            "children": [
              {
                "kind": "TypeNominal",
                "name": "Void",
                "printedName": "()"
              }
            ],
            "declKind": "Func",
            "usr": "c:@M@KidozApplovinAdapter@objc(cs)KidozMediationAdapter(im)onInterstitialImpression",
            "mangledName": "$s20KidozApplovinAdapter0a9MediationC0C24onInterstitialImpressionyyF",
            "moduleName": "KidozApplovinAdapter",
            "objc_name": "onInterstitialImpression",
            "declAttributes": [
              "ObjC",
              "AccessControl"
            ],
            "funcSelfKind": "NonMutating"
          },
          {
            "kind": "Function",
            "name": "onInterstitialAdClosed",
            "printedName": "onInterstitialAdClosed(ad:)",
            "children": [
              {
                "kind": "TypeNominal",
                "name": "Void",
                "printedName": "()"
              },
              {
                "kind": "TypeNominal",
                "name": "KidozInterstitialAd",
                "printedName": "KidozSDK.KidozInterstitialAd",
                "usr": "c:@M@KidozSDK@objc(cs)KidozInterstitialAd"
              }
            ],
            "declKind": "Func",
            "usr": "c:@M@KidozApplovinAdapter@objc(cs)KidozMediationAdapter(im)onInterstitialAdClosedWithAd:",
            "mangledName": "$s20KidozApplovinAdapter0a9MediationC0C22onInterstitialAdClosed2ady0A3SDK0afG0C_tF",
            "moduleName": "KidozApplovinAdapter",
            "objc_name": "onInterstitialAdClosedWithAd:",
            "declAttributes": [
              "ObjC",
              "AccessControl"
            ],
            "funcSelfKind": "NonMutating"
          },
          {
            "kind": "Function",
            "name": "loadRewardedAd",
            "printedName": "loadRewardedAd(for:andNotify:)",
            "children": [
              {
                "kind": "TypeNominal",
                "name": "Void",
                "printedName": "()"
              },
              {
                "kind": "TypeNominal",
                "name": "MAAdapterResponseParameters",
                "printedName": "AppLovinSDK.MAAdapterResponseParameters",
                "usr": "c:objc(pl)MAAdapterResponseParameters"
              },
              {
                "kind": "TypeNominal",
                "name": "MARewardedAdapterDelegate",
                "printedName": "AppLovinSDK.MARewardedAdapterDelegate",
                "usr": "c:objc(pl)MARewardedAdapterDelegate"
              }
            ],
            "declKind": "Func",
            "usr": "c:@M@KidozApplovinAdapter@objc(cs)KidozMediationAdapter(im)loadRewardedAdForParameters:andNotify:",
            "mangledName": "$s20KidozApplovinAdapter0a9MediationC0C14loadRewardedAd3for9andNotifyySo27MAAdapterResponseParameters_p_So010MARewardedC8Delegate_ptF",
            "moduleName": "KidozApplovinAdapter",
            "objc_name": "loadRewardedAdForParameters:andNotify:",
            "declAttributes": [
              "ObjC",
              "AccessControl",
              "RawDocComment"
            ],
            "funcSelfKind": "NonMutating"
          },
          {
            "kind": "Function",
            "name": "showRewardedAd",
            "printedName": "showRewardedAd(for:andNotify:)",
            "children": [
              {
                "kind": "TypeNominal",
                "name": "Void",
                "printedName": "()"
              },
              {
                "kind": "TypeNominal",
                "name": "MAAdapterResponseParameters",
                "printedName": "AppLovinSDK.MAAdapterResponseParameters",
                "usr": "c:objc(pl)MAAdapterResponseParameters"
              },
              {
                "kind": "TypeNominal",
                "name": "MARewardedAdapterDelegate",
                "printedName": "AppLovinSDK.MARewardedAdapterDelegate",
                "usr": "c:objc(pl)MARewardedAdapterDelegate"
              }
            ],
            "declKind": "Func",
            "usr": "c:@M@KidozApplovinAdapter@objc(cs)KidozMediationAdapter(im)showRewardedAdForParameters:andNotify:",
            "mangledName": "$s20KidozApplovinAdapter0a9MediationC0C14showRewardedAd3for9andNotifyySo27MAAdapterResponseParameters_p_So010MARewardedC8Delegate_ptF",
            "moduleName": "KidozApplovinAdapter",
            "objc_name": "showRewardedAdForParameters:andNotify:",
            "declAttributes": [
              "ObjC",
              "AccessControl"
            ],
            "funcSelfKind": "NonMutating"
          },
          {
            "kind": "Function",
            "name": "onRewardedAdLoaded",
            "printedName": "onRewardedAdLoaded(ad:)",
            "children": [
              {
                "kind": "TypeNominal",
                "name": "Void",
                "printedName": "()"
              },
              {
                "kind": "TypeNominal",
                "name": "KidozRewardedAd",
                "printedName": "KidozSDK.KidozRewardedAd",
                "usr": "c:@M@KidozSDK@objc(cs)KidozRewardedAd"
              }
            ],
            "declKind": "Func",
            "usr": "c:@M@KidozApplovinAdapter@objc(cs)KidozMediationAdapter(im)onRewardedAdLoadedWithAd:",
            "mangledName": "$s20KidozApplovinAdapter0a9MediationC0C18onRewardedAdLoaded2ady0A3SDK0afG0C_tF",
            "moduleName": "KidozApplovinAdapter",
            "objc_name": "onRewardedAdLoadedWithAd:",
            "declAttributes": [
              "ObjC",
              "AccessControl"
            ],
            "funcSelfKind": "NonMutating"
          },
          {
            "kind": "Function",
            "name": "onRewardedAdFailedToLoad",
            "printedName": "onRewardedAdFailedToLoad(error:)",
            "children": [
              {
                "kind": "TypeNominal",
                "name": "Void",
                "printedName": "()"
              },
              {
                "kind": "TypeNominal",
                "name": "KidozError",
                "printedName": "KidozSDK.KidozError",
                "usr": "c:@M@KidozSDK@objc(cs)KidozError"
              }
            ],
            "declKind": "Func",
            "usr": "c:@M@KidozApplovinAdapter@objc(cs)KidozMediationAdapter(im)onRewardedAdFailedToLoadWithError:",
            "mangledName": "$s20KidozApplovinAdapter0a9MediationC0C24onRewardedAdFailedToLoad5errory0A3SDK0A5ErrorC_tF",
            "moduleName": "KidozApplovinAdapter",
            "objc_name": "onRewardedAdFailedToLoadWithError:",
            "declAttributes": [
              "ObjC",
              "AccessControl"
            ],
            "funcSelfKind": "NonMutating"
          },
          {
            "kind": "Function",
            "name": "onRewardedAdShown",
            "printedName": "onRewardedAdShown(ad:)",
            "children": [
              {
                "kind": "TypeNominal",
                "name": "Void",
                "printedName": "()"
              },
              {
                "kind": "TypeNominal",
                "name": "KidozRewardedAd",
                "printedName": "KidozSDK.KidozRewardedAd",
                "usr": "c:@M@KidozSDK@objc(cs)KidozRewardedAd"
              }
            ],
            "declKind": "Func",
            "usr": "c:@M@KidozApplovinAdapter@objc(cs)KidozMediationAdapter(im)onRewardedAdShownWithAd:",
            "mangledName": "$s20KidozApplovinAdapter0a9MediationC0C17onRewardedAdShown2ady0A3SDK0afG0C_tF",
            "moduleName": "KidozApplovinAdapter",
            "objc_name": "onRewardedAdShownWithAd:",
            "declAttributes": [
              "ObjC",
              "AccessControl"
            ],
            "funcSelfKind": "NonMutating"
          },
          {
            "kind": "Function",
            "name": "onRewardedAdFailedToShow",
            "printedName": "onRewardedAdFailedToShow(error:)",
            "children": [
              {
                "kind": "TypeNominal",
                "name": "Void",
                "printedName": "()"
              },
              {
                "kind": "TypeNominal",
                "name": "KidozError",
                "printedName": "KidozSDK.KidozError",
                "usr": "c:@M@KidozSDK@objc(cs)KidozError"
              }
            ],
            "declKind": "Func",
            "usr": "c:@M@KidozApplovinAdapter@objc(cs)KidozMediationAdapter(im)onRewardedAdFailedToShowWithError:",
            "mangledName": "$s20KidozApplovinAdapter0a9MediationC0C24onRewardedAdFailedToShow5errory0A3SDK0A5ErrorC_tF",
            "moduleName": "KidozApplovinAdapter",
            "objc_name": "onRewardedAdFailedToShowWithError:",
            "declAttributes": [
              "ObjC",
              "AccessControl"
            ],
            "funcSelfKind": "NonMutating"
          },
          {
            "kind": "Function",
            "name": "onRewardedImpression",
            "printedName": "onRewardedImpression()",
            "children": [
              {
                "kind": "TypeNominal",
                "name": "Void",
                "printedName": "()"
              }
            ],
            "declKind": "Func",
            "usr": "c:@M@KidozApplovinAdapter@objc(cs)KidozMediationAdapter(im)onRewardedImpression",
            "mangledName": "$s20KidozApplovinAdapter0a9MediationC0C20onRewardedImpressionyyF",
            "moduleName": "KidozApplovinAdapter",
            "objc_name": "onRewardedImpression",
            "declAttributes": [
              "ObjC",
              "AccessControl"
            ],
            "funcSelfKind": "NonMutating"
          },
          {
            "kind": "Function",
            "name": "onRewardReceived",
            "printedName": "onRewardReceived(ad:)",
            "children": [
              {
                "kind": "TypeNominal",
                "name": "Void",
                "printedName": "()"
              },
              {
                "kind": "TypeNominal",
                "name": "KidozRewardedAd",
                "printedName": "KidozSDK.KidozRewardedAd",
                "usr": "c:@M@KidozSDK@objc(cs)KidozRewardedAd"
              }
            ],
            "declKind": "Func",
            "usr": "c:@M@KidozApplovinAdapter@objc(cs)KidozMediationAdapter(im)onRewardReceivedWithAd:",
            "mangledName": "$s20KidozApplovinAdapter0a9MediationC0C16onRewardReceived2ady0A3SDK0A10RewardedAdC_tF",
            "moduleName": "KidozApplovinAdapter",
            "objc_name": "onRewardReceivedWithAd:",
            "declAttributes": [
              "ObjC",
              "AccessControl"
            ],
            "funcSelfKind": "NonMutating"
          },
          {
            "kind": "Function",
            "name": "onRewardedAdClosed",
            "printedName": "onRewardedAdClosed(ad:)",
            "children": [
              {
                "kind": "TypeNominal",
                "name": "Void",
                "printedName": "()"
              },
              {
                "kind": "TypeNominal",
                "name": "KidozRewardedAd",
                "printedName": "KidozSDK.KidozRewardedAd",
                "usr": "c:@M@KidozSDK@objc(cs)KidozRewardedAd"
              }
            ],
            "declKind": "Func",
            "usr": "c:@M@KidozApplovinAdapter@objc(cs)KidozMediationAdapter(im)onRewardedAdClosedWithAd:",
            "mangledName": "$s20KidozApplovinAdapter0a9MediationC0C18onRewardedAdClosed2ady0A3SDK0afG0C_tF",
            "moduleName": "KidozApplovinAdapter",
            "objc_name": "onRewardedAdClosedWithAd:",
            "declAttributes": [
              "ObjC",
              "AccessControl"
            ],
            "funcSelfKind": "NonMutating"
          },
          {
            "kind": "Function",
            "name": "destroy",
            "printedName": "destroy()",
            "children": [
              {
                "kind": "TypeNominal",
                "name": "Void",
                "printedName": "()"
              }
            ],
            "declKind": "Func",
            "usr": "c:@M@KidozApplovinAdapter@objc(cs)KidozMediationAdapter(im)destroy",
            "mangledName": "$s20KidozApplovinAdapter0a9MediationC0C7destroyyyF",
            "moduleName": "KidozApplovinAdapter",
            "overriding": true,
            "objc_name": "destroy",
            "declAttributes": [
              "Dynamic",
              "ObjC",
              "Override",
              "AccessControl"
            ],
            "funcSelfKind": "NonMutating"
          },
          {
            "kind": "Constructor",
            "name": "init",
            "printedName": "init(sdk:)",
            "children": [
              {
                "kind": "TypeNominal",
                "name": "KidozMediationAdapter",
                "printedName": "KidozApplovinAdapter.KidozMediationAdapter",
                "usr": "c:@M@KidozApplovinAdapter@objc(cs)KidozMediationAdapter"
              },
              {
                "kind": "TypeNominal",
                "name": "ALSdk",
                "printedName": "AppLovinSDK.ALSdk",
                "usr": "c:objc(cs)ALSdk"
              }
            ],
            "declKind": "Constructor",
            "usr": "c:@M@KidozApplovinAdapter@objc(cs)KidozMediationAdapter(im)initWithSdk:",
            "mangledName": "$s20KidozApplovinAdapter0a9MediationC0C3sdkACSo5ALSdkC_tcfc",
            "moduleName": "KidozApplovinAdapter",
            "overriding": true,
            "implicit": true,
            "objc_name": "initWithSdk:",
            "declAttributes": [
              "Dynamic",
              "ObjC",
              "Override"
            ],
            "init_kind": "Designated"
          }
        ],
        "declKind": "Class",
        "usr": "c:@M@KidozApplovinAdapter@objc(cs)KidozMediationAdapter",
        "mangledName": "$s20KidozApplovinAdapter0a9MediationC0C",
        "moduleName": "KidozApplovinAdapter",
        "objc_name": "KidozMediationAdapter",
        "declAttributes": [
          "AccessControl",
          "ObjC"
        ],
        "superclassUsr": "c:objc(cs)ALMediationAdapter",
        "inheritsConvenienceInitializers": true,
        "superclassNames": [
          "AppLovinSDK.ALMediationAdapter",
          "ObjectiveC.NSObject"
        ],
        "conformances": [
          {
            "kind": "Conformance",
            "name": "KidozBannerDelegate",
            "printedName": "KidozBannerDelegate",
            "usr": "c:@M@KidozSDK@objc(pl)KidozBannerDelegate",
            "mangledName": "$s8KidozSDK0A14BannerDelegateP"
          },
          {
            "kind": "Conformance",
            "name": "KidozInterstitialDelegate",
            "printedName": "KidozInterstitialDelegate",
            "usr": "c:@M@KidozSDK@objc(pl)KidozInterstitialDelegate",
            "mangledName": "$s8KidozSDK0A20InterstitialDelegateP"
          },
          {
            "kind": "Conformance",
            "name": "KidozRewardedDelegate",
            "printedName": "KidozRewardedDelegate",
            "usr": "c:@M@KidozSDK@objc(pl)KidozRewardedDelegate",
            "mangledName": "$s8KidozSDK0A16RewardedDelegateP"
          },
          {
            "kind": "Conformance",
            "name": "Equatable",
            "printedName": "Equatable",
            "usr": "s:SQ",
            "mangledName": "$sSQ"
          },
          {
            "kind": "Conformance",
            "name": "Hashable",
            "printedName": "Hashable",
            "usr": "s:SH",
            "mangledName": "$sSH"
          },
          {
            "kind": "Conformance",
            "name": "CVarArg",
            "printedName": "CVarArg",
            "usr": "s:s7CVarArgP",
            "mangledName": "$ss7CVarArgP"
          },
          {
            "kind": "Conformance",
            "name": "_KeyValueCodingAndObservingPublishing",
            "printedName": "_KeyValueCodingAndObservingPublishing",
            "usr": "s:10Foundation37_KeyValueCodingAndObservingPublishingP",
            "mangledName": "$s10Foundation37_KeyValueCodingAndObservingPublishingP"
          },
          {
            "kind": "Conformance",
            "name": "_KeyValueCodingAndObserving",
            "printedName": "_KeyValueCodingAndObserving",
            "usr": "s:10Foundation27_KeyValueCodingAndObservingP",
            "mangledName": "$s10Foundation27_KeyValueCodingAndObservingP"
          },
          {
            "kind": "Conformance",
            "name": "CustomStringConvertible",
            "printedName": "CustomStringConvertible",
            "usr": "s:s23CustomStringConvertibleP",
            "mangledName": "$ss23CustomStringConvertibleP"
          },
          {
            "kind": "Conformance",
            "name": "CustomDebugStringConvertible",
            "printedName": "CustomDebugStringConvertible",
            "usr": "s:s28CustomDebugStringConvertibleP",
            "mangledName": "$ss28CustomDebugStringConvertibleP"
          }
        ]
      }
    ],
    "json_format_version": 8
  },
  "ConstValues": [
    {
      "filePath": "\/Users\/maria\/Desktop\/Development\/iOS\/kidoz-ios-applovin-adapter\/KidozApplovinAdapter\/KidozApplovinAdapter\/KidozAppLovinSDKInfo.swift",
      "kind": "StringLiteral",
      "offset": 269,
      "length": 90,
      "value": "\"\""
    },
    {
      "filePath": "\/Users\/maria\/Desktop\/Development\/iOS\/kidoz-ios-applovin-adapter\/KidozApplovinAdapter\/KidozApplovinAdapter\/KidozAppLovinSDKInfo.swift",
      "kind": "StringLiteral",
      "offset": 313,
      "length": 1,
      "value": "\"::\""
    },
    {
      "filePath": "\/Users\/maria\/Desktop\/Development\/iOS\/kidoz-ios-applovin-adapter\/KidozApplovinAdapter\/KidozApplovinAdapter\/KidozAppLovinSDKInfo.swift",
      "kind": "StringLiteral",
      "offset": 358,
      "length": 1,
      "value": "\"\""
    },
    {
      "filePath": "\/Users\/maria\/Desktop\/Development\/iOS\/kidoz-ios-applovin-adapter\/KidozApplovinAdapter\/KidozApplovinAdapter\/KidozAppLovinSDKInfo.swift",
      "kind": "StringLiteral",
      "offset": 542,
      "length": 7,
      "value": "\"1.0.1\""
    },
    {
      "filePath": "\/Users\/maria\/Desktop\/Development\/iOS\/kidoz-ios-applovin-adapter\/KidozApplovinAdapter\/KidozApplovinAdapter\/KidozMediationAdapter.swift",
      "kind": "StringLiteral",
      "offset": 1193,
      "length": 12,
      "value": "\"initialize\""
    },
    {
      "filePath": "\/Users\/maria\/Desktop\/Development\/iOS\/kidoz-ios-applovin-adapter\/KidozApplovinAdapter\/KidozApplovinAdapter\/KidozMediationAdapter.swift",
      "kind": "StringLiteral",
      "offset": 1356,
      "length": 12,
      "value": "\"SDKVersion\""
    },
    {
      "filePath": "\/Users\/maria\/Desktop\/Development\/iOS\/kidoz-ios-applovin-adapter\/KidozApplovinAdapter\/KidozApplovinAdapter\/KidozMediationAdapter.swift",
      "kind": "StringLiteral",
      "offset": 1503,
      "length": 16,
      "value": "\"adapterVersion\""
    },
    {
      "filePath": "\/Users\/maria\/Desktop\/Development\/iOS\/kidoz-ios-applovin-adapter\/KidozApplovinAdapter\/KidozApplovinAdapter\/KidozMediationAdapter.swift",
      "kind": "StringLiteral",
      "offset": 1711,
      "length": 14,
      "value": "\"publisher_id\""
    },
    {
      "filePath": "\/Users\/maria\/Desktop\/Development\/iOS\/kidoz-ios-applovin-adapter\/KidozApplovinAdapter\/KidozApplovinAdapter\/KidozMediationAdapter.swift",
      "kind": "StringLiteral",
      "offset": 1787,
      "length": 7,
      "value": "\"token\""
    },
    {
      "filePath": "\/Users\/maria\/Desktop\/Development\/iOS\/kidoz-ios-applovin-adapter\/KidozApplovinAdapter\/KidozApplovinAdapter\/KidozMediationAdapter.swift",
      "kind": "StringLiteral",
      "offset": 1887,
      "length": 5,
      "value": "\"max\""
    },
    {
      "filePath": "\/Users\/maria\/Desktop\/Development\/iOS\/kidoz-ios-applovin-adapter\/KidozApplovinAdapter\/KidozApplovinAdapter\/KidozMediationAdapter.swift",
      "kind": "StringLiteral",
      "offset": 2048,
      "length": 37,
      "value": "\"Missing Kidoz publisherId and token\""
    },
    {
      "filePath": "\/Users\/maria\/Desktop\/Development\/iOS\/kidoz-ios-applovin-adapter\/KidozApplovinAdapter\/KidozApplovinAdapter\/KidozMediationAdapter.swift",
      "kind": "StringLiteral",
      "offset": 2163,
      "length": 15,
      "value": "\"onInitSuccess\""
    },
    {
      "filePath": "\/Users\/maria\/Desktop\/Development\/iOS\/kidoz-ios-applovin-adapter\/KidozApplovinAdapter\/KidozApplovinAdapter\/KidozMediationAdapter.swift",
      "kind": "StringLiteral",
      "offset": 2820,
      "length": 15,
      "value": "\"onInitError::\""
    },
    {
      "filePath": "\/Users\/maria\/Desktop\/Development\/iOS\/kidoz-ios-applovin-adapter\/KidozApplovinAdapter\/KidozApplovinAdapter\/KidozMediationAdapter.swift",
      "kind": "StringLiteral",
      "offset": 3558,
      "length": 12,
      "value": "\"loadBanner\""
    },
    {
      "filePath": "\/Users\/maria\/Desktop\/Development\/iOS\/kidoz-ios-applovin-adapter\/KidozApplovinAdapter\/KidozApplovinAdapter\/KidozMediationAdapter.swift",
      "kind": "StringLiteral",
      "offset": 3982,
      "length": 16,
      "value": "\"initBannerview\""
    },
    {
      "filePath": "\/Users\/maria\/Desktop\/Development\/iOS\/kidoz-ios-applovin-adapter\/KidozApplovinAdapter\/KidozApplovinAdapter\/KidozMediationAdapter.swift",
      "kind": "IntegerLiteral",
      "offset": 4054,
      "length": 1,
      "value": "0"
    },
    {
      "filePath": "\/Users\/maria\/Desktop\/Development\/iOS\/kidoz-ios-applovin-adapter\/KidozApplovinAdapter\/KidozApplovinAdapter\/KidozMediationAdapter.swift",
      "kind": "IntegerLiteral",
      "offset": 4060,
      "length": 1,
      "value": "0"
    },
    {
      "filePath": "\/Users\/maria\/Desktop\/Development\/iOS\/kidoz-ios-applovin-adapter\/KidozApplovinAdapter\/KidozApplovinAdapter\/KidozMediationAdapter.swift",
      "kind": "IntegerLiteral",
      "offset": 4070,
      "length": 3,
      "value": "320"
    },
    {
      "filePath": "\/Users\/maria\/Desktop\/Development\/iOS\/kidoz-ios-applovin-adapter\/KidozApplovinAdapter\/KidozApplovinAdapter\/KidozMediationAdapter.swift",
      "kind": "IntegerLiteral",
      "offset": 4083,
      "length": 2,
      "value": "50"
    },
    {
      "filePath": "\/Users\/maria\/Desktop\/Development\/iOS\/kidoz-ios-applovin-adapter\/KidozApplovinAdapter\/KidozApplovinAdapter\/KidozMediationAdapter.swift",
      "kind": "BooleanLiteral",
      "offset": 4227,
      "length": 5,
      "value": "false"
    },
    {
      "filePath": "\/Users\/maria\/Desktop\/Development\/iOS\/kidoz-ios-applovin-adapter\/KidozApplovinAdapter\/KidozApplovinAdapter\/KidozMediationAdapter.swift",
      "kind": "BooleanLiteral",
      "offset": 4388,
      "length": 4,
      "value": "true"
    },
    {
      "filePath": "\/Users\/maria\/Desktop\/Development\/iOS\/kidoz-ios-applovin-adapter\/KidozApplovinAdapter\/KidozApplovinAdapter\/KidozMediationAdapter.swift",
      "kind": "BooleanLiteral",
      "offset": 4494,
      "length": 4,
      "value": "true"
    },
    {
      "filePath": "\/Users\/maria\/Desktop\/Development\/iOS\/kidoz-ios-applovin-adapter\/KidozApplovinAdapter\/KidozApplovinAdapter\/KidozMediationAdapter.swift",
      "kind": "IntegerLiteral",
      "offset": 4560,
      "length": 2,
      "value": "50"
    },
    {
      "filePath": "\/Users\/maria\/Desktop\/Development\/iOS\/kidoz-ios-applovin-adapter\/KidozApplovinAdapter\/KidozApplovinAdapter\/KidozMediationAdapter.swift",
      "kind": "BooleanLiteral",
      "offset": 4575,
      "length": 4,
      "value": "true"
    },
    {
      "filePath": "\/Users\/maria\/Desktop\/Development\/iOS\/kidoz-ios-applovin-adapter\/KidozApplovinAdapter\/KidozApplovinAdapter\/KidozMediationAdapter.swift",
      "kind": "IntegerLiteral",
      "offset": 4640,
      "length": 3,
      "value": "320"
    },
    {
      "filePath": "\/Users\/maria\/Desktop\/Development\/iOS\/kidoz-ios-applovin-adapter\/KidozApplovinAdapter\/KidozApplovinAdapter\/KidozMediationAdapter.swift",
      "kind": "BooleanLiteral",
      "offset": 4656,
      "length": 4,
      "value": "true"
    },
    {
      "filePath": "\/Users\/maria\/Desktop\/Development\/iOS\/kidoz-ios-applovin-adapter\/KidozApplovinAdapter\/KidozApplovinAdapter\/KidozMediationAdapter.swift",
      "kind": "StringLiteral",
      "offset": 4730,
      "length": 18,
      "value": "\"onBannerAdLoaded\""
    },
    {
      "filePath": "\/Users\/maria\/Desktop\/Development\/iOS\/kidoz-ios-applovin-adapter\/KidozApplovinAdapter\/KidozApplovinAdapter\/KidozMediationAdapter.swift",
      "kind": "StringLiteral",
      "offset": 4941,
      "length": 42,
      "value": "\"onBannerAdFailedToLoad::\""
    },
    {
      "filePath": "\/Users\/maria\/Desktop\/Development\/iOS\/kidoz-ios-applovin-adapter\/KidozApplovinAdapter\/KidozApplovinAdapter\/KidozMediationAdapter.swift",
      "kind": "StringLiteral",
      "offset": 4982,
      "length": 2,
      "value": "\"\""
    },
    {
      "filePath": "\/Users\/maria\/Desktop\/Development\/iOS\/kidoz-ios-applovin-adapter\/KidozApplovinAdapter\/KidozApplovinAdapter\/KidozMediationAdapter.swift",
      "kind": "StringLiteral",
      "offset": 5207,
      "length": 17,
      "value": "\"onBannerAdShown\""
    },
    {
      "filePath": "\/Users\/maria\/Desktop\/Development\/iOS\/kidoz-ios-applovin-adapter\/KidozApplovinAdapter\/KidozApplovinAdapter\/KidozMediationAdapter.swift",
      "kind": "StringLiteral",
      "offset": 5395,
      "length": 42,
      "value": "\"onBannerAdFailedToShow::\""
    },
    {
      "filePath": "\/Users\/maria\/Desktop\/Development\/iOS\/kidoz-ios-applovin-adapter\/KidozApplovinAdapter\/KidozApplovinAdapter\/KidozMediationAdapter.swift",
      "kind": "StringLiteral",
      "offset": 5436,
      "length": 2,
      "value": "\"\""
    },
    {
      "filePath": "\/Users\/maria\/Desktop\/Development\/iOS\/kidoz-ios-applovin-adapter\/KidozApplovinAdapter\/KidozApplovinAdapter\/KidozMediationAdapter.swift",
      "kind": "StringLiteral",
      "offset": 5669,
      "length": 22,
      "value": "\"onBannerAdImpression\""
    },
    {
      "filePath": "\/Users\/maria\/Desktop\/Development\/iOS\/kidoz-ios-applovin-adapter\/KidozApplovinAdapter\/KidozApplovinAdapter\/KidozMediationAdapter.swift",
      "kind": "StringLiteral",
      "offset": 5762,
      "length": 18,
      "value": "\"onBannerAdClosed\""
    },
    {
      "filePath": "\/Users\/maria\/Desktop\/Development\/iOS\/kidoz-ios-applovin-adapter\/KidozApplovinAdapter\/KidozApplovinAdapter\/KidozMediationAdapter.swift",
      "kind": "StringLiteral",
      "offset": 6047,
      "length": 20,
      "value": "\"loadInterstitialAd\""
    },
    {
      "filePath": "\/Users\/maria\/Desktop\/Development\/iOS\/kidoz-ios-applovin-adapter\/KidozApplovinAdapter\/KidozApplovinAdapter\/KidozMediationAdapter.swift",
      "kind": "StringLiteral",
      "offset": 6555,
      "length": 20,
      "value": "\"showInterstitialAd\""
    },
    {
      "filePath": "\/Users\/maria\/Desktop\/Development\/iOS\/kidoz-ios-applovin-adapter\/KidozApplovinAdapter\/KidozApplovinAdapter\/KidozMediationAdapter.swift",
      "kind": "StringLiteral",
      "offset": 6992,
      "length": 24,
      "value": "\"Interstital not loaded\""
    },
    {
      "filePath": "\/Users\/maria\/Desktop\/Development\/iOS\/kidoz-ios-applovin-adapter\/KidozApplovinAdapter\/KidozApplovinAdapter\/KidozMediationAdapter.swift",
      "kind": "StringLiteral",
      "offset": 7127,
      "length": 24,
      "value": "\"onInterstitialAdLoaded\""
    },
    {
      "filePath": "\/Users\/maria\/Desktop\/Development\/iOS\/kidoz-ios-applovin-adapter\/KidozApplovinAdapter\/KidozApplovinAdapter\/KidozMediationAdapter.swift",
      "kind": "StringLiteral",
      "offset": 7365,
      "length": 48,
      "value": "\"onInterstitialAdFailedToLoad::\""
    },
    {
      "filePath": "\/Users\/maria\/Desktop\/Development\/iOS\/kidoz-ios-applovin-adapter\/KidozApplovinAdapter\/KidozApplovinAdapter\/KidozMediationAdapter.swift",
      "kind": "StringLiteral",
      "offset": 7412,
      "length": 2,
      "value": "\"\""
    },
    {
      "filePath": "\/Users\/maria\/Desktop\/Development\/iOS\/kidoz-ios-applovin-adapter\/KidozApplovinAdapter\/KidozApplovinAdapter\/KidozMediationAdapter.swift",
      "kind": "StringLiteral",
      "offset": 7678,
      "length": 23,
      "value": "\"onInterstitialAdShown\""
    },
    {
      "filePath": "\/Users\/maria\/Desktop\/Development\/iOS\/kidoz-ios-applovin-adapter\/KidozApplovinAdapter\/KidozApplovinAdapter\/KidozMediationAdapter.swift",
      "kind": "StringLiteral",
      "offset": 7889,
      "length": 48,
      "value": "\"onInterstitialAdFailedToShow::\""
    },
    {
      "filePath": "\/Users\/maria\/Desktop\/Development\/iOS\/kidoz-ios-applovin-adapter\/KidozApplovinAdapter\/KidozApplovinAdapter\/KidozMediationAdapter.swift",
      "kind": "StringLiteral",
      "offset": 7936,
      "length": 2,
      "value": "\"\""
    },
    {
      "filePath": "\/Users\/maria\/Desktop\/Development\/iOS\/kidoz-ios-applovin-adapter\/KidozApplovinAdapter\/KidozApplovinAdapter\/KidozMediationAdapter.swift",
      "kind": "StringLiteral",
      "offset": 8185,
      "length": 26,
      "value": "\"onInterstitialImpression\""
    },
    {
      "filePath": "\/Users\/maria\/Desktop\/Development\/iOS\/kidoz-ios-applovin-adapter\/KidozApplovinAdapter\/KidozApplovinAdapter\/KidozMediationAdapter.swift",
      "kind": "StringLiteral",
      "offset": 8310,
      "length": 24,
      "value": "\"onInterstitialAdClosed\""
    },
    {
      "filePath": "\/Users\/maria\/Desktop\/Development\/iOS\/kidoz-ios-applovin-adapter\/KidozApplovinAdapter\/KidozApplovinAdapter\/KidozMediationAdapter.swift",
      "kind": "StringLiteral",
      "offset": 8597,
      "length": 16,
      "value": "\"loadRewardedAd\""
    },
    {
      "filePath": "\/Users\/maria\/Desktop\/Development\/iOS\/kidoz-ios-applovin-adapter\/KidozApplovinAdapter\/KidozApplovinAdapter\/KidozMediationAdapter.swift",
      "kind": "StringLiteral",
      "offset": 9153,
      "length": 16,
      "value": "\"showRewardedAd\""
    },
    {
      "filePath": "\/Users\/maria\/Desktop\/Development\/iOS\/kidoz-ios-applovin-adapter\/KidozApplovinAdapter\/KidozApplovinAdapter\/KidozMediationAdapter.swift",
      "kind": "StringLiteral",
      "offset": 9574,
      "length": 21,
      "value": "\"Rewarded not loaded\""
    },
    {
      "filePath": "\/Users\/maria\/Desktop\/Development\/iOS\/kidoz-ios-applovin-adapter\/KidozApplovinAdapter\/KidozApplovinAdapter\/KidozMediationAdapter.swift",
      "kind": "StringLiteral",
      "offset": 9706,
      "length": 20,
      "value": "\"onRewardedAdLoaded\""
    },
    {
      "filePath": "\/Users\/maria\/Desktop\/Development\/iOS\/kidoz-ios-applovin-adapter\/KidozApplovinAdapter\/KidozApplovinAdapter\/KidozMediationAdapter.swift",
      "kind": "StringLiteral",
      "offset": 9923,
      "length": 44,
      "value": "\"onRewardedAdFailedToLoad::\""
    },
    {
      "filePath": "\/Users\/maria\/Desktop\/Development\/iOS\/kidoz-ios-applovin-adapter\/KidozApplovinAdapter\/KidozApplovinAdapter\/KidozMediationAdapter.swift",
      "kind": "StringLiteral",
      "offset": 9966,
      "length": 2,
      "value": "\"\""
    },
    {
      "filePath": "\/Users\/maria\/Desktop\/Development\/iOS\/kidoz-ios-applovin-adapter\/KidozApplovinAdapter\/KidozApplovinAdapter\/KidozMediationAdapter.swift",
      "kind": "StringLiteral",
      "offset": 10215,
      "length": 19,
      "value": "\"onRewardedAdShown\""
    },
    {
      "filePath": "\/Users\/maria\/Desktop\/Development\/iOS\/kidoz-ios-applovin-adapter\/KidozApplovinAdapter\/KidozApplovinAdapter\/KidozMediationAdapter.swift",
      "kind": "StringLiteral",
      "offset": 10407,
      "length": 44,
      "value": "\"onRewardedAdFailedToShow::\""
    },
    {
      "filePath": "\/Users\/maria\/Desktop\/Development\/iOS\/kidoz-ios-applovin-adapter\/KidozApplovinAdapter\/KidozApplovinAdapter\/KidozMediationAdapter.swift",
      "kind": "StringLiteral",
      "offset": 10450,
      "length": 2,
      "value": "\"\""
    },
    {
      "filePath": "\/Users\/maria\/Desktop\/Development\/iOS\/kidoz-ios-applovin-adapter\/KidozApplovinAdapter\/KidozApplovinAdapter\/KidozMediationAdapter.swift",
      "kind": "StringLiteral",
      "offset": 10687,
      "length": 22,
      "value": "\"onRewardedImpression\""
    },
    {
      "filePath": "\/Users\/maria\/Desktop\/Development\/iOS\/kidoz-ios-applovin-adapter\/KidozApplovinAdapter\/KidozApplovinAdapter\/KidozMediationAdapter.swift",
      "kind": "StringLiteral",
      "offset": 10799,
      "length": 18,
      "value": "\"onRewardReceived\""
    },
    {
      "filePath": "\/Users\/maria\/Desktop\/Development\/iOS\/kidoz-ios-applovin-adapter\/KidozApplovinAdapter\/KidozApplovinAdapter\/KidozMediationAdapter.swift",
      "kind": "StringLiteral",
      "offset": 11064,
      "length": 20,
      "value": "\"onRewardedAdClosed\""
    },
    {
      "filePath": "\/Users\/maria\/Desktop\/Development\/iOS\/kidoz-ios-applovin-adapter\/KidozApplovinAdapter\/KidozApplovinAdapter\/KidozMediationAdapter.swift",
      "kind": "StringLiteral",
      "offset": 11232,
      "length": 11,
      "value": "\"onDestroy\""
    }
  ]
}