{
    "states": [{
        "id": 14,
        "is_initial_state": true,
        "type": "att",
        "destination_state_id": 2
    }, {
        "id": 2,
        "type": "gdpr_alert",
        "main_screen_title": {
            "key": "GDPR_MAIN_SCREEN_TITLE",
            "key_unified_flow": "GDPR_MAIN_SCREEN_TITLE",
            "replacements": ["<APP_NAME>"]
        },
        "learn_more_screen_title": {
            "key": "LEARN_MORE_SCREEN_TITLE",
            "key_unified_flow": "LEARN_MORE_SCREEN_TITLE",
            "replacements": ["<APP_NAME>"]
        },
        "destination_state_id": 13
    }, {
        "id": 13,
        "type": "event",
        "name": "gdpr_ok",
        "destination_state_id": 99
    }, {
        "id": 99,
        "type": "reinit"
    }]
}
