{
  "ABIRoot": {
    "kind": "Root",
    "name": "TopLevel",
    "printedName": "TopLevel",
    "children": [
      {
        "kind": "Import",
        "name": "Foundation",
        "printedName": "Foundation",
        "declKind": "Import",
        "moduleName": "KidozIronSourceAdapter",
        "declAttributes": [
          "RawDocComment"
        ]
      },
      {
        "kind": "Import",
        "name": "KidozSDK",
        "printedName": "KidozSDK",
        "declKind": "Import",
        "moduleName": "KidozIronSourceAdapter"
      },
      {
        "kind": "Import",
        "name": "IronSource",
        "printedName": "IronSource",
        "declKind": "Import",
        "moduleName": "KidozIronSourceAdapter"
      },
      {
        "kind": "TypeDecl",
        "name": "ISKidozCustomAdapter",
        "printedName": "ISKidozCustomAdapter",
        "children": [
          {
            "kind": "Function",
            "name": "`init`",
            "printedName": "`init`(_:delegate:)",
            "children": [
              {
                "kind": "TypeNominal",
                "name": "Void",
                "printedName": "()"
              },
              {
                "kind": "TypeNominal",
                "name": "ImplicitlyUnwrappedOptional",
                "printedName": "IronSource.ISAdData?",
                "children": [
                  {
                    "kind": "TypeNominal",
                    "name": "ISAdData",
                    "printedName": "IronSource.ISAdData",
                    "usr": "c:objc(cs)ISAdData"
                  }
                ],
                "usr": "s:Sq"
              },
              {
                "kind": "TypeNominal",
                "name": "ImplicitlyUnwrappedOptional",
                "printedName": "IronSource.ISNetworkInitializationDelegate?",
                "children": [
                  {
                    "kind": "TypeNominal",
                    "name": "ISNetworkInitializationDelegate",
                    "printedName": "IronSource.ISNetworkInitializationDelegate",
                    "usr": "c:objc(pl)ISNetworkInitializationDelegate"
                  }
                ],
                "usr": "s:Sq"
              }
            ],
            "declKind": "Func",
            "usr": "c:@M@KidozIronSourceAdapter@objc(cs)ISKidozCustomAdapter(im)init:delegate:",
            "mangledName": "$s22KidozIronSourceAdapter013ISKidozCustomD0C4init_8delegateySo8ISAdDataCSg_So31ISNetworkInitializationDelegate_pSgtF",
            "moduleName": "KidozIronSourceAdapter",
            "overriding": true,
            "objc_name": "init:delegate:",
            "declAttributes": [
              "Dynamic",
              "ObjC",
              "Override",
              "AccessControl"
            ],
            "funcSelfKind": "NonMutating"
          },
          {
            "kind": "Function",
            "name": "initSDK",
            "printedName": "initSDK(adData:delegate:)",
            "children": [
              {
                "kind": "TypeNominal",
                "name": "Void",
                "printedName": "()"
              },
              {
                "kind": "TypeNominal",
                "name": "ImplicitlyUnwrappedOptional",
                "printedName": "IronSource.ISAdData?",
                "children": [
                  {
                    "kind": "TypeNominal",
                    "name": "ISAdData",
                    "printedName": "IronSource.ISAdData",
                    "usr": "c:objc(cs)ISAdData"
                  }
                ],
                "usr": "s:Sq"
              },
              {
                "kind": "TypeNominal",
                "name": "ImplicitlyUnwrappedOptional",
                "printedName": "IronSource.ISNetworkInitializationDelegate?",
                "children": [
                  {
                    "kind": "TypeNominal",
                    "name": "ISNetworkInitializationDelegate",
                    "printedName": "IronSource.ISNetworkInitializationDelegate",
                    "usr": "c:objc(pl)ISNetworkInitializationDelegate"
                  }
                ],
                "usr": "s:Sq"
              }
            ],
            "declKind": "Func",
            "usr": "s:22KidozIronSourceAdapter013ISKidozCustomD0C7initSDK6adData8delegateySo04ISAdJ0CSg_So31ISNetworkInitializationDelegate_pSgtF",
            "mangledName": "$s22KidozIronSourceAdapter013ISKidozCustomD0C7initSDK6adData8delegateySo04ISAdJ0CSg_So31ISNetworkInitializationDelegate_pSgtF",
            "moduleName": "KidozIronSourceAdapter",
            "declAttributes": [
              "AccessControl"
            ],
            "funcSelfKind": "NonMutating"
          },
          {
            "kind": "Function",
            "name": "onInitSuccess",
            "printedName": "onInitSuccess()",
            "children": [
              {
                "kind": "TypeNominal",
                "name": "Void",
                "printedName": "()"
              }
            ],
            "declKind": "Func",
            "usr": "c:@M@KidozIronSourceAdapter@objc(cs)ISKidozCustomAdapter(im)onInitSuccess",
            "mangledName": "$s22KidozIronSourceAdapter013ISKidozCustomD0C13onInitSuccessyyF",
            "moduleName": "KidozIronSourceAdapter",
            "objc_name": "onInitSuccess",
            "declAttributes": [
              "ObjC",
              "AccessControl"
            ],
            "funcSelfKind": "NonMutating"
          },
          {
            "kind": "Function",
            "name": "onInitError",
            "printedName": "onInitError(_:)",
            "children": [
              {
                "kind": "TypeNominal",
                "name": "Void",
                "printedName": "()"
              },
              {
                "kind": "TypeNominal",
                "name": "ImplicitlyUnwrappedOptional",
                "printedName": "Swift.String?",
                "children": [
                  {
                    "kind": "TypeNominal",
                    "name": "String",
                    "printedName": "Swift.String",
                    "usr": "s:SS"
                  }
                ],
                "usr": "s:Sq"
              }
            ],
            "declKind": "Func",
            "usr": "c:@M@KidozIronSourceAdapter@objc(cs)ISKidozCustomAdapter(im)onInitError:",
            "mangledName": "$s22KidozIronSourceAdapter013ISKidozCustomD0C11onInitErroryySSSgF",
            "moduleName": "KidozIronSourceAdapter",
            "objc_name": "onInitError:",
            "declAttributes": [
              "ObjC",
              "AccessControl"
            ],
            "funcSelfKind": "NonMutating"
          },
          {
            "kind": "Function",
            "name": "networkSDKVersion",
            "printedName": "networkSDKVersion()",
            "children": [
              {
                "kind": "TypeNominal",
                "name": "ImplicitlyUnwrappedOptional",
                "printedName": "Swift.String?",
                "children": [
                  {
                    "kind": "TypeNominal",
                    "name": "String",
                    "printedName": "Swift.String",
                    "usr": "s:SS"
                  }
                ],
                "usr": "s:Sq"
              }
            ],
            "declKind": "Func",
            "usr": "c:@M@KidozIronSourceAdapter@objc(cs)ISKidozCustomAdapter(im)networkSDKVersion",
            "mangledName": "$s22KidozIronSourceAdapter013ISKidozCustomD0C17networkSDKVersionSSSgyF",
            "moduleName": "KidozIronSourceAdapter",
            "overriding": true,
            "objc_name": "networkSDKVersion",
            "declAttributes": [
              "Dynamic",
              "ObjC",
              "Override",
              "AccessControl"
            ],
            "funcSelfKind": "NonMutating"
          },
          {
            "kind": "Function",
            "name": "adapterVersion",
            "printedName": "adapterVersion()",
            "children": [
              {
                "kind": "TypeNominal",
                "name": "ImplicitlyUnwrappedOptional",
                "printedName": "Swift.String?",
                "children": [
                  {
                    "kind": "TypeNominal",
                    "name": "String",
                    "printedName": "Swift.String",
                    "usr": "s:SS"
                  }
                ],
                "usr": "s:Sq"
              }
            ],
            "declKind": "Func",
            "usr": "c:@M@KidozIronSourceAdapter@objc(cs)ISKidozCustomAdapter(im)adapterVersion",
            "mangledName": "$s22KidozIronSourceAdapter013ISKidozCustomD0C14adapterVersionSSSgyF",
            "moduleName": "KidozIronSourceAdapter",
            "overriding": true,
            "objc_name": "adapterVersion",
            "declAttributes": [
              "Dynamic",
              "ObjC",
              "Override",
              "AccessControl"
            ],
            "funcSelfKind": "NonMutating"
          },
          {
            "kind": "Constructor",
            "name": "init",
            "printedName": "init()",
            "children": [
              {
                "kind": "TypeNominal",
                "name": "ISKidozCustomAdapter",
                "printedName": "KidozIronSourceAdapter.ISKidozCustomAdapter",
                "usr": "c:@M@KidozIronSourceAdapter@objc(cs)ISKidozCustomAdapter"
              }
            ],
            "declKind": "Constructor",
            "usr": "c:@M@KidozIronSourceAdapter@objc(cs)ISKidozCustomAdapter(im)init",
            "mangledName": "$s22KidozIronSourceAdapter013ISKidozCustomD0CACycfc",
            "moduleName": "KidozIronSourceAdapter",
            "overriding": true,
            "implicit": true,
            "objc_name": "init",
            "declAttributes": [
              "Dynamic",
              "ObjC",
              "Override"
            ],
            "init_kind": "Designated"
          }
        ],
        "declKind": "Class",
        "usr": "c:@M@KidozIronSourceAdapter@objc(cs)ISKidozCustomAdapter",
        "mangledName": "$s22KidozIronSourceAdapter013ISKidozCustomD0C",
        "moduleName": "KidozIronSourceAdapter",
        "objc_name": "ISKidozCustomAdapter",
        "declAttributes": [
          "AccessControl",
          "ObjC"
        ],
        "superclassUsr": "c:objc(cs)ISBaseNetworkAdapter",
        "inheritsConvenienceInitializers": true,
        "superclassNames": [
          "IronSource.ISBaseNetworkAdapter",
          "ObjectiveC.NSObject"
        ],
        "conformances": [
          {
            "kind": "Conformance",
            "name": "Equatable",
            "printedName": "Equatable",
            "usr": "s:SQ",
            "mangledName": "$sSQ"
          },
          {
            "kind": "Conformance",
            "name": "Hashable",
            "printedName": "Hashable",
            "usr": "s:SH",
            "mangledName": "$sSH"
          },
          {
            "kind": "Conformance",
            "name": "CVarArg",
            "printedName": "CVarArg",
            "usr": "s:s7CVarArgP",
            "mangledName": "$ss7CVarArgP"
          },
          {
            "kind": "Conformance",
            "name": "_KeyValueCodingAndObservingPublishing",
            "printedName": "_KeyValueCodingAndObservingPublishing",
            "usr": "s:10Foundation37_KeyValueCodingAndObservingPublishingP",
            "mangledName": "$s10Foundation37_KeyValueCodingAndObservingPublishingP"
          },
          {
            "kind": "Conformance",
            "name": "_KeyValueCodingAndObserving",
            "printedName": "_KeyValueCodingAndObserving",
            "usr": "s:10Foundation27_KeyValueCodingAndObservingP",
            "mangledName": "$s10Foundation27_KeyValueCodingAndObservingP"
          },
          {
            "kind": "Conformance",
            "name": "CustomStringConvertible",
            "printedName": "CustomStringConvertible",
            "usr": "s:s23CustomStringConvertibleP",
            "mangledName": "$ss23CustomStringConvertibleP"
          },
          {
            "kind": "Conformance",
            "name": "CustomDebugStringConvertible",
            "printedName": "CustomDebugStringConvertible",
            "usr": "s:s28CustomDebugStringConvertibleP",
            "mangledName": "$ss28CustomDebugStringConvertibleP"
          }
        ]
      },
      {
        "kind": "Import",
        "name": "Foundation",
        "printedName": "Foundation",
        "declKind": "Import",
        "moduleName": "KidozIronSourceAdapter",
        "declAttributes": [
          "RawDocComment"
        ]
      },
      {
        "kind": "Import",
        "name": "KidozSDK",
        "printedName": "KidozSDK",
        "declKind": "Import",
        "moduleName": "KidozIronSourceAdapter"
      },
      {
        "kind": "TypeDecl",
        "name": "KidozIronSourceSDKInfo",
        "printedName": "KidozIronSourceSDKInfo",
        "children": [
          {
            "kind": "Function",
            "name": "getSdkVersion",
            "printedName": "getSdkVersion()",
            "children": [
              {
                "kind": "TypeNominal",
                "name": "String",
                "printedName": "Swift.String",
                "usr": "s:SS"
              }
            ],
            "declKind": "Func",
            "usr": "s:22KidozIronSourceAdapter0abC7SDKInfoC13getSdkVersionSSyFZ",
            "mangledName": "$s22KidozIronSourceAdapter0abC7SDKInfoC13getSdkVersionSSyFZ",
            "moduleName": "KidozIronSourceAdapter",
            "static": true,
            "declAttributes": [
              "Final",
              "AccessControl"
            ],
            "funcSelfKind": "NonMutating"
          },
          {
            "kind": "Function",
            "name": "networkSDKVersion",
            "printedName": "networkSDKVersion()",
            "children": [
              {
                "kind": "TypeNominal",
                "name": "String",
                "printedName": "Swift.String",
                "usr": "s:SS"
              }
            ],
            "declKind": "Func",
            "usr": "s:22KidozIronSourceAdapter0abC7SDKInfoC17networkSDKVersionSSyFZ",
            "mangledName": "$s22KidozIronSourceAdapter0abC7SDKInfoC17networkSDKVersionSSyFZ",
            "moduleName": "KidozIronSourceAdapter",
            "static": true,
            "declAttributes": [
              "Final",
              "AccessControl"
            ],
            "funcSelfKind": "NonMutating"
          },
          {
            "kind": "Function",
            "name": "adapterSDKVersion",
            "printedName": "adapterSDKVersion()",
            "children": [
              {
                "kind": "TypeNominal",
                "name": "String",
                "printedName": "Swift.String",
                "usr": "s:SS"
              }
            ],
            "declKind": "Func",
            "usr": "s:22KidozIronSourceAdapter0abC7SDKInfoC17adapterSDKVersionSSyFZ",
            "mangledName": "$s22KidozIronSourceAdapter0abC7SDKInfoC17adapterSDKVersionSSyFZ",
            "moduleName": "KidozIronSourceAdapter",
            "static": true,
            "declAttributes": [
              "Final",
              "AccessControl"
            ],
            "funcSelfKind": "NonMutating"
          },
          {
            "kind": "Constructor",
            "name": "init",
            "printedName": "init()",
            "children": [
              {
                "kind": "TypeNominal",
                "name": "KidozIronSourceSDKInfo",
                "printedName": "KidozIronSourceAdapter.KidozIronSourceSDKInfo",
                "usr": "c:@M@KidozIronSourceAdapter@objc(cs)KidozIronSourceSDKInfo"
              }
            ],
            "declKind": "Constructor",
            "usr": "c:@M@KidozIronSourceAdapter@objc(cs)KidozIronSourceSDKInfo(im)init",
            "mangledName": "$s22KidozIronSourceAdapter0abC7SDKInfoCACycfc",
            "moduleName": "KidozIronSourceAdapter",
            "overriding": true,
            "implicit": true,
            "objc_name": "init",
            "declAttributes": [
              "Dynamic",
              "ObjC",
              "Override"
            ],
            "init_kind": "Designated"
          }
        ],
        "declKind": "Class",
        "usr": "c:@M@KidozIronSourceAdapter@objc(cs)KidozIronSourceSDKInfo",
        "mangledName": "$s22KidozIronSourceAdapter0abC7SDKInfoC",
        "moduleName": "KidozIronSourceAdapter",
        "objc_name": "KidozIronSourceSDKInfo",
        "declAttributes": [
          "AccessControl",
          "ObjC"
        ],
        "superclassUsr": "c:objc(cs)NSObject",
        "inheritsConvenienceInitializers": true,
        "superclassNames": [
          "ObjectiveC.NSObject"
        ],
        "conformances": [
          {
            "kind": "Conformance",
            "name": "Equatable",
            "printedName": "Equatable",
            "usr": "s:SQ",
            "mangledName": "$sSQ"
          },
          {
            "kind": "Conformance",
            "name": "Hashable",
            "printedName": "Hashable",
            "usr": "s:SH",
            "mangledName": "$sSH"
          },
          {
            "kind": "Conformance",
            "name": "CVarArg",
            "printedName": "CVarArg",
            "usr": "s:s7CVarArgP",
            "mangledName": "$ss7CVarArgP"
          },
          {
            "kind": "Conformance",
            "name": "_KeyValueCodingAndObservingPublishing",
            "printedName": "_KeyValueCodingAndObservingPublishing",
            "usr": "s:10Foundation37_KeyValueCodingAndObservingPublishingP",
            "mangledName": "$s10Foundation37_KeyValueCodingAndObservingPublishingP"
          },
          {
            "kind": "Conformance",
            "name": "_KeyValueCodingAndObserving",
            "printedName": "_KeyValueCodingAndObserving",
            "usr": "s:10Foundation27_KeyValueCodingAndObservingP",
            "mangledName": "$s10Foundation27_KeyValueCodingAndObservingP"
          },
          {
            "kind": "Conformance",
            "name": "CustomStringConvertible",
            "printedName": "CustomStringConvertible",
            "usr": "s:s23CustomStringConvertibleP",
            "mangledName": "$ss23CustomStringConvertibleP"
          },
          {
            "kind": "Conformance",
            "name": "CustomDebugStringConvertible",
            "printedName": "CustomDebugStringConvertible",
            "usr": "s:s28CustomDebugStringConvertibleP",
            "mangledName": "$ss28CustomDebugStringConvertibleP"
          }
        ]
      },
      {
        "kind": "Import",
        "name": "Foundation",
        "printedName": "Foundation",
        "declKind": "Import",
        "moduleName": "KidozIronSourceAdapter",
        "declAttributes": [
          "RawDocComment"
        ]
      },
      {
        "kind": "Import",
        "name": "KidozSDK",
        "printedName": "KidozSDK",
        "declKind": "Import",
        "moduleName": "KidozIronSourceAdapter"
      },
      {
        "kind": "Import",
        "name": "IronSource",
        "printedName": "IronSource",
        "declKind": "Import",
        "moduleName": "KidozIronSourceAdapter"
      },
      {
        "kind": "TypeDecl",
        "name": "ISKidozCustomRewardedVideo",
        "printedName": "ISKidozCustomRewardedVideo",
        "children": [
          {
            "kind": "Function",
            "name": "loadAd",
            "printedName": "loadAd(with:delegate:)",
            "children": [
              {
                "kind": "TypeNominal",
                "name": "Void",
                "printedName": "()"
              },
              {
                "kind": "TypeNominal",
                "name": "ISAdData",
                "printedName": "IronSource.ISAdData",
                "usr": "c:objc(cs)ISAdData"
              },
              {
                "kind": "TypeNominal",
                "name": "ISRewardedVideoAdDelegate",
                "printedName": "IronSource.ISRewardedVideoAdDelegate",
                "usr": "c:objc(pl)ISRewardedVideoAdDelegate"
              }
            ],
            "declKind": "Func",
            "usr": "c:@M@KidozIronSourceAdapter@objc(cs)ISKidozCustomRewardedVideo(im)loadAdWithAdData:delegate:",
            "mangledName": "$s22KidozIronSourceAdapter26ISKidozCustomRewardedVideoC6loadAd4with8delegateySo8ISAdDataC_So010ISRewardedhJ8Delegate_ptF",
            "moduleName": "KidozIronSourceAdapter",
            "overriding": true,
            "objc_name": "loadAdWithAdData:delegate:",
            "declAttributes": [
              "Dynamic",
              "ObjC",
              "Override",
              "AccessControl"
            ],
            "funcSelfKind": "NonMutating"
          },
          {
            "kind": "Function",
            "name": "showAd",
            "printedName": "showAd(with:adData:delegate:)",
            "children": [
              {
                "kind": "TypeNominal",
                "name": "Void",
                "printedName": "()"
              },
              {
                "kind": "TypeNominal",
                "name": "UIViewController",
                "printedName": "UIKit.UIViewController",
                "usr": "c:objc(cs)UIViewController"
              },
              {
                "kind": "TypeNominal",
                "name": "ISAdData",
                "printedName": "IronSource.ISAdData",
                "usr": "c:objc(cs)ISAdData"
              },
              {
                "kind": "TypeNominal",
                "name": "ISRewardedVideoAdDelegate",
                "printedName": "IronSource.ISRewardedVideoAdDelegate",
                "usr": "c:objc(pl)ISRewardedVideoAdDelegate"
              }
            ],
            "declKind": "Func",
            "usr": "c:@M@KidozIronSourceAdapter@objc(cs)ISKidozCustomRewardedVideo(im)showAdWithViewController:adData:delegate:",
            "mangledName": "$s22KidozIronSourceAdapter26ISKidozCustomRewardedVideoC6showAd4with6adData8delegateySo16UIViewControllerC_So04ISAdM0CSo010ISRewardedhJ8Delegate_ptF",
            "moduleName": "KidozIronSourceAdapter",
            "overriding": true,
            "objc_name": "showAdWithViewController:adData:delegate:",
            "declAttributes": [
              "Dynamic",
              "ObjC",
              "Override",
              "AccessControl"
            ],
            "funcSelfKind": "NonMutating"
          },
          {
            "kind": "Function",
            "name": "isAdAvailable",
            "printedName": "isAdAvailable(with:)",
            "children": [
              {
                "kind": "TypeNominal",
                "name": "Bool",
                "printedName": "Swift.Bool",
                "usr": "s:Sb"
              },
              {
                "kind": "TypeNominal",
                "name": "ISAdData",
                "printedName": "IronSource.ISAdData",
                "usr": "c:objc(cs)ISAdData"
              }
            ],
            "declKind": "Func",
            "usr": "c:@M@KidozIronSourceAdapter@objc(cs)ISKidozCustomRewardedVideo(im)isAdAvailableWithAdData:",
            "mangledName": "$s22KidozIronSourceAdapter26ISKidozCustomRewardedVideoC13isAdAvailable4withSbSo8ISAdDataC_tF",
            "moduleName": "KidozIronSourceAdapter",
            "overriding": true,
            "objc_name": "isAdAvailableWithAdData:",
            "declAttributes": [
              "Dynamic",
              "ObjC",
              "Override",
              "AccessControl"
            ],
            "funcSelfKind": "NonMutating"
          },
          {
            "kind": "Function",
            "name": "onRewardedAdLoaded",
            "printedName": "onRewardedAdLoaded(ad:)",
            "children": [
              {
                "kind": "TypeNominal",
                "name": "Void",
                "printedName": "()"
              },
              {
                "kind": "TypeNominal",
                "name": "KidozRewardedAd",
                "printedName": "KidozSDK.KidozRewardedAd",
                "usr": "c:@M@KidozSDK@objc(cs)KidozRewardedAd"
              }
            ],
            "declKind": "Func",
            "usr": "c:@M@KidozIronSourceAdapter@objc(cs)ISKidozCustomRewardedVideo(im)onRewardedAdLoadedWithAd:",
            "mangledName": "$s22KidozIronSourceAdapter26ISKidozCustomRewardedVideoC02onG8AdLoaded2ady0A3SDK0agJ0C_tF",
            "moduleName": "KidozIronSourceAdapter",
            "objc_name": "onRewardedAdLoadedWithAd:",
            "declAttributes": [
              "ObjC",
              "AccessControl"
            ],
            "funcSelfKind": "NonMutating"
          },
          {
            "kind": "Function",
            "name": "onRewardedAdFailedToLoad",
            "printedName": "onRewardedAdFailedToLoad(error:)",
            "children": [
              {
                "kind": "TypeNominal",
                "name": "Void",
                "printedName": "()"
              },
              {
                "kind": "TypeNominal",
                "name": "KidozError",
                "printedName": "KidozSDK.KidozError",
                "usr": "c:@M@KidozSDK@objc(cs)KidozError"
              }
            ],
            "declKind": "Func",
            "usr": "c:@M@KidozIronSourceAdapter@objc(cs)ISKidozCustomRewardedVideo(im)onRewardedAdFailedToLoadWithError:",
            "mangledName": "$s22KidozIronSourceAdapter26ISKidozCustomRewardedVideoC02onG14AdFailedToLoad5errory0A3SDK0A5ErrorC_tF",
            "moduleName": "KidozIronSourceAdapter",
            "objc_name": "onRewardedAdFailedToLoadWithError:",
            "declAttributes": [
              "ObjC",
              "AccessControl"
            ],
            "funcSelfKind": "NonMutating"
          },
          {
            "kind": "Function",
            "name": "onRewardedAdShown",
            "printedName": "onRewardedAdShown(ad:)",
            "children": [
              {
                "kind": "TypeNominal",
                "name": "Void",
                "printedName": "()"
              },
              {
                "kind": "TypeNominal",
                "name": "KidozRewardedAd",
                "printedName": "KidozSDK.KidozRewardedAd",
                "usr": "c:@M@KidozSDK@objc(cs)KidozRewardedAd"
              }
            ],
            "declKind": "Func",
            "usr": "c:@M@KidozIronSourceAdapter@objc(cs)ISKidozCustomRewardedVideo(im)onRewardedAdShownWithAd:",
            "mangledName": "$s22KidozIronSourceAdapter26ISKidozCustomRewardedVideoC02onG7AdShown2ady0A3SDK0agJ0C_tF",
            "moduleName": "KidozIronSourceAdapter",
            "objc_name": "onRewardedAdShownWithAd:",
            "declAttributes": [
              "ObjC",
              "AccessControl"
            ],
            "funcSelfKind": "NonMutating"
          },
          {
            "kind": "Function",
            "name": "onRewardedAdFailedToShow",
            "printedName": "onRewardedAdFailedToShow(error:)",
            "children": [
              {
                "kind": "TypeNominal",
                "name": "Void",
                "printedName": "()"
              },
              {
                "kind": "TypeNominal",
                "name": "KidozError",
                "printedName": "KidozSDK.KidozError",
                "usr": "c:@M@KidozSDK@objc(cs)KidozError"
              }
            ],
            "declKind": "Func",
            "usr": "c:@M@KidozIronSourceAdapter@objc(cs)ISKidozCustomRewardedVideo(im)onRewardedAdFailedToShowWithError:",
            "mangledName": "$s22KidozIronSourceAdapter26ISKidozCustomRewardedVideoC02onG14AdFailedToShow5errory0A3SDK0A5ErrorC_tF",
            "moduleName": "KidozIronSourceAdapter",
            "objc_name": "onRewardedAdFailedToShowWithError:",
            "declAttributes": [
              "ObjC",
              "AccessControl"
            ],
            "funcSelfKind": "NonMutating"
          },
          {
            "kind": "Function",
            "name": "onRewardedImpression",
            "printedName": "onRewardedImpression()",
            "children": [
              {
                "kind": "TypeNominal",
                "name": "Void",
                "printedName": "()"
              }
            ],
            "declKind": "Func",
            "usr": "c:@M@KidozIronSourceAdapter@objc(cs)ISKidozCustomRewardedVideo(im)onRewardedImpression",
            "mangledName": "$s22KidozIronSourceAdapter26ISKidozCustomRewardedVideoC02onG10ImpressionyyF",
            "moduleName": "KidozIronSourceAdapter",
            "objc_name": "onRewardedImpression",
            "declAttributes": [
              "ObjC",
              "AccessControl"
            ],
            "funcSelfKind": "NonMutating"
          },
          {
            "kind": "Function",
            "name": "onRewardReceived",
            "printedName": "onRewardReceived(ad:)",
            "children": [
              {
                "kind": "TypeNominal",
                "name": "Void",
                "printedName": "()"
              },
              {
                "kind": "TypeNominal",
                "name": "KidozRewardedAd",
                "printedName": "KidozSDK.KidozRewardedAd",
                "usr": "c:@M@KidozSDK@objc(cs)KidozRewardedAd"
              }
            ],
            "declKind": "Func",
            "usr": "c:@M@KidozIronSourceAdapter@objc(cs)ISKidozCustomRewardedVideo(im)onRewardReceivedWithAd:",
            "mangledName": "$s22KidozIronSourceAdapter26ISKidozCustomRewardedVideoC16onRewardReceived2ady0A3SDK0aG2AdC_tF",
            "moduleName": "KidozIronSourceAdapter",
            "objc_name": "onRewardReceivedWithAd:",
            "declAttributes": [
              "ObjC",
              "AccessControl"
            ],
            "funcSelfKind": "NonMutating"
          },
          {
            "kind": "Function",
            "name": "onRewardedAdClosed",
            "printedName": "onRewardedAdClosed(ad:)",
            "children": [
              {
                "kind": "TypeNominal",
                "name": "Void",
                "printedName": "()"
              },
              {
                "kind": "TypeNominal",
                "name": "KidozRewardedAd",
                "printedName": "KidozSDK.KidozRewardedAd",
                "usr": "c:@M@KidozSDK@objc(cs)KidozRewardedAd"
              }
            ],
            "declKind": "Func",
            "usr": "c:@M@KidozIronSourceAdapter@objc(cs)ISKidozCustomRewardedVideo(im)onRewardedAdClosedWithAd:",
            "mangledName": "$s22KidozIronSourceAdapter26ISKidozCustomRewardedVideoC02onG8AdClosed2ady0A3SDK0agJ0C_tF",
            "moduleName": "KidozIronSourceAdapter",
            "objc_name": "onRewardedAdClosedWithAd:",
            "declAttributes": [
              "ObjC",
              "AccessControl"
            ],
            "funcSelfKind": "NonMutating"
          },
          {
            "kind": "Constructor",
            "name": "init",
            "printedName": "init(_:)",
            "children": [
              {
                "kind": "TypeNominal",
                "name": "ISKidozCustomRewardedVideo",
                "printedName": "KidozIronSourceAdapter.ISKidozCustomRewardedVideo",
                "usr": "c:@M@KidozIronSourceAdapter@objc(cs)ISKidozCustomRewardedVideo"
              },
              {
                "kind": "TypeNominal",
                "name": "ISAdapterConfig",
                "printedName": "IronSource.ISAdapterConfig",
                "usr": "c:objc(cs)ISAdapterConfig"
              }
            ],
            "declKind": "Constructor",
            "usr": "c:@M@KidozIronSourceAdapter@objc(cs)ISKidozCustomRewardedVideo(im)init:",
            "mangledName": "$s22KidozIronSourceAdapter26ISKidozCustomRewardedVideoCyACSo15ISAdapterConfigCcfc",
            "moduleName": "KidozIronSourceAdapter",
            "overriding": true,
            "implicit": true,
            "objc_name": "init:",
            "declAttributes": [
              "Dynamic",
              "ObjC",
              "Override"
            ],
            "init_kind": "Designated"
          },
          {
            "kind": "Constructor",
            "name": "init",
            "printedName": "init(adUnit:adapterConfig:)",
            "children": [
              {
                "kind": "TypeNominal",
                "name": "ISKidozCustomRewardedVideo",
                "printedName": "KidozIronSourceAdapter.ISKidozCustomRewardedVideo",
                "usr": "c:@M@KidozIronSourceAdapter@objc(cs)ISKidozCustomRewardedVideo"
              },
              {
                "kind": "TypeNominal",
                "name": "ISAdUnit",
                "printedName": "IronSource.ISAdUnit",
                "usr": "c:objc(cs)ISAdUnit"
              },
              {
                "kind": "TypeNominal",
                "name": "ISAdapterConfig",
                "printedName": "IronSource.ISAdapterConfig",
                "usr": "c:objc(cs)ISAdapterConfig"
              }
            ],
            "declKind": "Constructor",
            "usr": "c:@M@KidozIronSourceAdapter@objc(cs)ISKidozCustomRewardedVideo(im)initWithAdUnit:adapterConfig:",
            "mangledName": "$s22KidozIronSourceAdapter26ISKidozCustomRewardedVideoC6adUnit13adapterConfigACSo04ISAdJ0C_So09ISAdapterL0Ctcfc",
            "moduleName": "KidozIronSourceAdapter",
            "overriding": true,
            "implicit": true,
            "objc_name": "initWithAdUnit:adapterConfig:",
            "declAttributes": [
              "Dynamic",
              "ObjC",
              "Override"
            ],
            "init_kind": "Designated"
          },
          {
            "kind": "Constructor",
            "name": "init",
            "printedName": "init(adUnit:adapterConfig:adUnitObjectId:)",
            "children": [
              {
                "kind": "TypeNominal",
                "name": "ISKidozCustomRewardedVideo",
                "printedName": "KidozIronSourceAdapter.ISKidozCustomRewardedVideo",
                "usr": "c:@M@KidozIronSourceAdapter@objc(cs)ISKidozCustomRewardedVideo"
              },
              {
                "kind": "TypeNominal",
                "name": "ISAdUnit",
                "printedName": "IronSource.ISAdUnit",
                "usr": "c:objc(cs)ISAdUnit"
              },
              {
                "kind": "TypeNominal",
                "name": "ISAdapterConfig",
                "printedName": "IronSource.ISAdapterConfig",
                "usr": "c:objc(cs)ISAdapterConfig"
              },
              {
                "kind": "TypeNominal",
                "name": "Optional",
                "printedName": "Foundation.UUID?",
                "children": [
                  {
                    "kind": "TypeNominal",
                    "name": "UUID",
                    "printedName": "Foundation.UUID",
                    "usr": "s:10Foundation4UUIDV"
                  }
                ],
                "usr": "s:Sq"
              }
            ],
            "declKind": "Constructor",
            "usr": "c:@M@KidozIronSourceAdapter@objc(cs)ISKidozCustomRewardedVideo(im)initWithAdUnit:adapterConfig:adUnitObjectId:",
            "mangledName": "$s22KidozIronSourceAdapter26ISKidozCustomRewardedVideoC6adUnit13adapterConfig0iJ8ObjectIdACSo04ISAdJ0C_So09ISAdapterL0C10Foundation4UUIDVSgtcfc",
            "moduleName": "KidozIronSourceAdapter",
            "overriding": true,
            "implicit": true,
            "objc_name": "initWithAdUnit:adapterConfig:adUnitObjectId:",
            "declAttributes": [
              "Dynamic",
              "ObjC",
              "Override"
            ],
            "init_kind": "Designated"
          },
          {
            "kind": "Constructor",
            "name": "init",
            "printedName": "init()",
            "children": [
              {
                "kind": "TypeNominal",
                "name": "ISKidozCustomRewardedVideo",
                "printedName": "KidozIronSourceAdapter.ISKidozCustomRewardedVideo",
                "usr": "c:@M@KidozIronSourceAdapter@objc(cs)ISKidozCustomRewardedVideo"
              }
            ],
            "declKind": "Constructor",
            "usr": "c:@M@KidozIronSourceAdapter@objc(cs)ISKidozCustomRewardedVideo(im)init",
            "mangledName": "$s22KidozIronSourceAdapter26ISKidozCustomRewardedVideoCACycfc",
            "moduleName": "KidozIronSourceAdapter",
            "overriding": true,
            "implicit": true,
            "objc_name": "init",
            "declAttributes": [
              "Dynamic",
              "ObjC",
              "Override"
            ],
            "init_kind": "Designated"
          }
        ],
        "declKind": "Class",
        "usr": "c:@M@KidozIronSourceAdapter@objc(cs)ISKidozCustomRewardedVideo",
        "mangledName": "$s22KidozIronSourceAdapter26ISKidozCustomRewardedVideoC",
        "moduleName": "KidozIronSourceAdapter",
        "objc_name": "ISKidozCustomRewardedVideo",
        "declAttributes": [
          "AccessControl",
          "ObjC"
        ],
        "superclassUsr": "c:objc(cs)ISBaseRewardedVideo",
        "inheritsConvenienceInitializers": true,
        "superclassNames": [
          "IronSource.ISBaseRewardedVideo",
          "IronSource.ISBaseAdInteractionAdapter",
          "IronSource.ISBaseAdAdapter",
          "ObjectiveC.NSObject"
        ],
        "conformances": [
          {
            "kind": "Conformance",
            "name": "KidozRewardedDelegate",
            "printedName": "KidozRewardedDelegate",
            "usr": "c:@M@KidozSDK@objc(pl)KidozRewardedDelegate",
            "mangledName": "$s8KidozSDK0A16RewardedDelegateP"
          },
          {
            "kind": "Conformance",
            "name": "Equatable",
            "printedName": "Equatable",
            "usr": "s:SQ",
            "mangledName": "$sSQ"
          },
          {
            "kind": "Conformance",
            "name": "Hashable",
            "printedName": "Hashable",
            "usr": "s:SH",
            "mangledName": "$sSH"
          },
          {
            "kind": "Conformance",
            "name": "CVarArg",
            "printedName": "CVarArg",
            "usr": "s:s7CVarArgP",
            "mangledName": "$ss7CVarArgP"
          },
          {
            "kind": "Conformance",
            "name": "_KeyValueCodingAndObservingPublishing",
            "printedName": "_KeyValueCodingAndObservingPublishing",
            "usr": "s:10Foundation37_KeyValueCodingAndObservingPublishingP",
            "mangledName": "$s10Foundation37_KeyValueCodingAndObservingPublishingP"
          },
          {
            "kind": "Conformance",
            "name": "_KeyValueCodingAndObserving",
            "printedName": "_KeyValueCodingAndObserving",
            "usr": "s:10Foundation27_KeyValueCodingAndObservingP",
            "mangledName": "$s10Foundation27_KeyValueCodingAndObservingP"
          },
          {
            "kind": "Conformance",
            "name": "CustomStringConvertible",
            "printedName": "CustomStringConvertible",
            "usr": "s:s23CustomStringConvertibleP",
            "mangledName": "$ss23CustomStringConvertibleP"
          },
          {
            "kind": "Conformance",
            "name": "CustomDebugStringConvertible",
            "printedName": "CustomDebugStringConvertible",
            "usr": "s:s28CustomDebugStringConvertibleP",
            "mangledName": "$ss28CustomDebugStringConvertibleP"
          }
        ]
      },
      {
        "kind": "Import",
        "name": "Foundation",
        "printedName": "Foundation",
        "declKind": "Import",
        "moduleName": "KidozIronSourceAdapter",
        "declAttributes": [
          "RawDocComment"
        ]
      },
      {
        "kind": "Import",
        "name": "KidozSDK",
        "printedName": "KidozSDK",
        "declKind": "Import",
        "moduleName": "KidozIronSourceAdapter"
      },
      {
        "kind": "Import",
        "name": "IronSource",
        "printedName": "IronSource",
        "declKind": "Import",
        "moduleName": "KidozIronSourceAdapter"
      },
      {
        "kind": "TypeDecl",
        "name": "ISKidozCustomInterstitial",
        "printedName": "ISKidozCustomInterstitial",
        "children": [
          {
            "kind": "Function",
            "name": "loadAd",
            "printedName": "loadAd(with:delegate:)",
            "children": [
              {
                "kind": "TypeNominal",
                "name": "Void",
                "printedName": "()"
              },
              {
                "kind": "TypeNominal",
                "name": "ISAdData",
                "printedName": "IronSource.ISAdData",
                "usr": "c:objc(cs)ISAdData"
              },
              {
                "kind": "TypeNominal",
                "name": "ISInterstitialAdDelegate",
                "printedName": "IronSource.ISInterstitialAdDelegate",
                "usr": "c:objc(pl)ISInterstitialAdDelegate"
              }
            ],
            "declKind": "Func",
            "usr": "c:@M@KidozIronSourceAdapter@objc(cs)ISKidozCustomInterstitial(im)loadAdWithAdData:delegate:",
            "mangledName": "$s22KidozIronSourceAdapter25ISKidozCustomInterstitialC6loadAd4with8delegateySo8ISAdDataC_So014ISInterstitialI8Delegate_ptF",
            "moduleName": "KidozIronSourceAdapter",
            "overriding": true,
            "objc_name": "loadAdWithAdData:delegate:",
            "declAttributes": [
              "Dynamic",
              "ObjC",
              "Override",
              "AccessControl"
            ],
            "funcSelfKind": "NonMutating"
          },
          {
            "kind": "Function",
            "name": "showAd",
            "printedName": "showAd(with:adData:delegate:)",
            "children": [
              {
                "kind": "TypeNominal",
                "name": "Void",
                "printedName": "()"
              },
              {
                "kind": "TypeNominal",
                "name": "UIViewController",
                "printedName": "UIKit.UIViewController",
                "usr": "c:objc(cs)UIViewController"
              },
              {
                "kind": "TypeNominal",
                "name": "ISAdData",
                "printedName": "IronSource.ISAdData",
                "usr": "c:objc(cs)ISAdData"
              },
              {
                "kind": "TypeNominal",
                "name": "ISInterstitialAdDelegate",
                "printedName": "IronSource.ISInterstitialAdDelegate",
                "usr": "c:objc(pl)ISInterstitialAdDelegate"
              }
            ],
            "declKind": "Func",
            "usr": "c:@M@KidozIronSourceAdapter@objc(cs)ISKidozCustomInterstitial(im)showAdWithViewController:adData:delegate:",
            "mangledName": "$s22KidozIronSourceAdapter25ISKidozCustomInterstitialC6showAd4with6adData8delegateySo16UIViewControllerC_So04ISAdL0CSo014ISInterstitialI8Delegate_ptF",
            "moduleName": "KidozIronSourceAdapter",
            "overriding": true,
            "objc_name": "showAdWithViewController:adData:delegate:",
            "declAttributes": [
              "Dynamic",
              "ObjC",
              "Override",
              "AccessControl"
            ],
            "funcSelfKind": "NonMutating"
          },
          {
            "kind": "Function",
            "name": "isAdAvailable",
            "printedName": "isAdAvailable(with:)",
            "children": [
              {
                "kind": "TypeNominal",
                "name": "Bool",
                "printedName": "Swift.Bool",
                "usr": "s:Sb"
              },
              {
                "kind": "TypeNominal",
                "name": "ISAdData",
                "printedName": "IronSource.ISAdData",
                "usr": "c:objc(cs)ISAdData"
              }
            ],
            "declKind": "Func",
            "usr": "c:@M@KidozIronSourceAdapter@objc(cs)ISKidozCustomInterstitial(im)isAdAvailableWithAdData:",
            "mangledName": "$s22KidozIronSourceAdapter25ISKidozCustomInterstitialC13isAdAvailable4withSbSo8ISAdDataC_tF",
            "moduleName": "KidozIronSourceAdapter",
            "overriding": true,
            "objc_name": "isAdAvailableWithAdData:",
            "declAttributes": [
              "Dynamic",
              "ObjC",
              "Override",
              "AccessControl"
            ],
            "funcSelfKind": "NonMutating"
          },
          {
            "kind": "Function",
            "name": "onInterstitialAdLoaded",
            "printedName": "onInterstitialAdLoaded(ad:)",
            "children": [
              {
                "kind": "TypeNominal",
                "name": "Void",
                "printedName": "()"
              },
              {
                "kind": "TypeNominal",
                "name": "KidozInterstitialAd",
                "printedName": "KidozSDK.KidozInterstitialAd",
                "usr": "c:@M@KidozSDK@objc(cs)KidozInterstitialAd"
              }
            ],
            "declKind": "Func",
            "usr": "c:@M@KidozIronSourceAdapter@objc(cs)ISKidozCustomInterstitial(im)onInterstitialAdLoadedWithAd:",
            "mangledName": "$s22KidozIronSourceAdapter25ISKidozCustomInterstitialC02onG8AdLoaded2ady0A3SDK0agI0C_tF",
            "moduleName": "KidozIronSourceAdapter",
            "objc_name": "onInterstitialAdLoadedWithAd:",
            "declAttributes": [
              "ObjC",
              "AccessControl"
            ],
            "funcSelfKind": "NonMutating"
          },
          {
            "kind": "Function",
            "name": "onInterstitialAdFailedToLoad",
            "printedName": "onInterstitialAdFailedToLoad(error:)",
            "children": [
              {
                "kind": "TypeNominal",
                "name": "Void",
                "printedName": "()"
              },
              {
                "kind": "TypeNominal",
                "name": "KidozError",
                "printedName": "KidozSDK.KidozError",
                "usr": "c:@M@KidozSDK@objc(cs)KidozError"
              }
            ],
            "declKind": "Func",
            "usr": "c:@M@KidozIronSourceAdapter@objc(cs)ISKidozCustomInterstitial(im)onInterstitialAdFailedToLoadWithError:",
            "mangledName": "$s22KidozIronSourceAdapter25ISKidozCustomInterstitialC02onG14AdFailedToLoad5errory0A3SDK0A5ErrorC_tF",
            "moduleName": "KidozIronSourceAdapter",
            "objc_name": "onInterstitialAdFailedToLoadWithError:",
            "declAttributes": [
              "ObjC",
              "AccessControl"
            ],
            "funcSelfKind": "NonMutating"
          },
          {
            "kind": "Function",
            "name": "onInterstitialAdShown",
            "printedName": "onInterstitialAdShown(ad:)",
            "children": [
              {
                "kind": "TypeNominal",
                "name": "Void",
                "printedName": "()"
              },
              {
                "kind": "TypeNominal",
                "name": "KidozInterstitialAd",
                "printedName": "KidozSDK.KidozInterstitialAd",
                "usr": "c:@M@KidozSDK@objc(cs)KidozInterstitialAd"
              }
            ],
            "declKind": "Func",
            "usr": "c:@M@KidozIronSourceAdapter@objc(cs)ISKidozCustomInterstitial(im)onInterstitialAdShownWithAd:",
            "mangledName": "$s22KidozIronSourceAdapter25ISKidozCustomInterstitialC02onG7AdShown2ady0A3SDK0agI0C_tF",
            "moduleName": "KidozIronSourceAdapter",
            "objc_name": "onInterstitialAdShownWithAd:",
            "declAttributes": [
              "ObjC",
              "AccessControl"
            ],
            "funcSelfKind": "NonMutating"
          },
          {
            "kind": "Function",
            "name": "onInterstitialAdFailedToShow",
            "printedName": "onInterstitialAdFailedToShow(error:)",
            "children": [
              {
                "kind": "TypeNominal",
                "name": "Void",
                "printedName": "()"
              },
              {
                "kind": "TypeNominal",
                "name": "KidozError",
                "printedName": "KidozSDK.KidozError",
                "usr": "c:@M@KidozSDK@objc(cs)KidozError"
              }
            ],
            "declKind": "Func",
            "usr": "c:@M@KidozIronSourceAdapter@objc(cs)ISKidozCustomInterstitial(im)onInterstitialAdFailedToShowWithError:",
            "mangledName": "$s22KidozIronSourceAdapter25ISKidozCustomInterstitialC02onG14AdFailedToShow5errory0A3SDK0A5ErrorC_tF",
            "moduleName": "KidozIronSourceAdapter",
            "objc_name": "onInterstitialAdFailedToShowWithError:",
            "declAttributes": [
              "ObjC",
              "AccessControl"
            ],
            "funcSelfKind": "NonMutating"
          },
          {
            "kind": "Function",
            "name": "onInterstitialImpression",
            "printedName": "onInterstitialImpression()",
            "children": [
              {
                "kind": "TypeNominal",
                "name": "Void",
                "printedName": "()"
              }
            ],
            "declKind": "Func",
            "usr": "c:@M@KidozIronSourceAdapter@objc(cs)ISKidozCustomInterstitial(im)onInterstitialImpression",
            "mangledName": "$s22KidozIronSourceAdapter25ISKidozCustomInterstitialC02onG10ImpressionyyF",
            "moduleName": "KidozIronSourceAdapter",
            "objc_name": "onInterstitialImpression",
            "declAttributes": [
              "ObjC",
              "AccessControl"
            ],
            "funcSelfKind": "NonMutating"
          },
          {
            "kind": "Function",
            "name": "onInterstitialAdClosed",
            "printedName": "onInterstitialAdClosed(ad:)",
            "children": [
              {
                "kind": "TypeNominal",
                "name": "Void",
                "printedName": "()"
              },
              {
                "kind": "TypeNominal",
                "name": "KidozInterstitialAd",
                "printedName": "KidozSDK.KidozInterstitialAd",
                "usr": "c:@M@KidozSDK@objc(cs)KidozInterstitialAd"
              }
            ],
            "declKind": "Func",
            "usr": "c:@M@KidozIronSourceAdapter@objc(cs)ISKidozCustomInterstitial(im)onInterstitialAdClosedWithAd:",
            "mangledName": "$s22KidozIronSourceAdapter25ISKidozCustomInterstitialC02onG8AdClosed2ady0A3SDK0agI0C_tF",
            "moduleName": "KidozIronSourceAdapter",
            "objc_name": "onInterstitialAdClosedWithAd:",
            "declAttributes": [
              "ObjC",
              "AccessControl"
            ],
            "funcSelfKind": "NonMutating"
          },
          {
            "kind": "Constructor",
            "name": "init",
            "printedName": "init(_:)",
            "children": [
              {
                "kind": "TypeNominal",
                "name": "ISKidozCustomInterstitial",
                "printedName": "KidozIronSourceAdapter.ISKidozCustomInterstitial",
                "usr": "c:@M@KidozIronSourceAdapter@objc(cs)ISKidozCustomInterstitial"
              },
              {
                "kind": "TypeNominal",
                "name": "ISAdapterConfig",
                "printedName": "IronSource.ISAdapterConfig",
                "usr": "c:objc(cs)ISAdapterConfig"
              }
            ],
            "declKind": "Constructor",
            "usr": "c:@M@KidozIronSourceAdapter@objc(cs)ISKidozCustomInterstitial(im)init:",
            "mangledName": "$s22KidozIronSourceAdapter25ISKidozCustomInterstitialCyACSo15ISAdapterConfigCcfc",
            "moduleName": "KidozIronSourceAdapter",
            "overriding": true,
            "implicit": true,
            "objc_name": "init:",
            "declAttributes": [
              "Dynamic",
              "ObjC",
              "Override"
            ],
            "init_kind": "Designated"
          },
          {
            "kind": "Constructor",
            "name": "init",
            "printedName": "init(adUnit:adapterConfig:)",
            "children": [
              {
                "kind": "TypeNominal",
                "name": "ISKidozCustomInterstitial",
                "printedName": "KidozIronSourceAdapter.ISKidozCustomInterstitial",
                "usr": "c:@M@KidozIronSourceAdapter@objc(cs)ISKidozCustomInterstitial"
              },
              {
                "kind": "TypeNominal",
                "name": "ISAdUnit",
                "printedName": "IronSource.ISAdUnit",
                "usr": "c:objc(cs)ISAdUnit"
              },
              {
                "kind": "TypeNominal",
                "name": "ISAdapterConfig",
                "printedName": "IronSource.ISAdapterConfig",
                "usr": "c:objc(cs)ISAdapterConfig"
              }
            ],
            "declKind": "Constructor",
            "usr": "c:@M@KidozIronSourceAdapter@objc(cs)ISKidozCustomInterstitial(im)initWithAdUnit:adapterConfig:",
            "mangledName": "$s22KidozIronSourceAdapter25ISKidozCustomInterstitialC6adUnit13adapterConfigACSo04ISAdI0C_So09ISAdapterK0Ctcfc",
            "moduleName": "KidozIronSourceAdapter",
            "overriding": true,
            "implicit": true,
            "objc_name": "initWithAdUnit:adapterConfig:",
            "declAttributes": [
              "Dynamic",
              "ObjC",
              "Override"
            ],
            "init_kind": "Designated"
          },
          {
            "kind": "Constructor",
            "name": "init",
            "printedName": "init(adUnit:adapterConfig:adUnitObjectId:)",
            "children": [
              {
                "kind": "TypeNominal",
                "name": "ISKidozCustomInterstitial",
                "printedName": "KidozIronSourceAdapter.ISKidozCustomInterstitial",
                "usr": "c:@M@KidozIronSourceAdapter@objc(cs)ISKidozCustomInterstitial"
              },
              {
                "kind": "TypeNominal",
                "name": "ISAdUnit",
                "printedName": "IronSource.ISAdUnit",
                "usr": "c:objc(cs)ISAdUnit"
              },
              {
                "kind": "TypeNominal",
                "name": "ISAdapterConfig",
                "printedName": "IronSource.ISAdapterConfig",
                "usr": "c:objc(cs)ISAdapterConfig"
              },
              {
                "kind": "TypeNominal",
                "name": "Optional",
                "printedName": "Foundation.UUID?",
                "children": [
                  {
                    "kind": "TypeNominal",
                    "name": "UUID",
                    "printedName": "Foundation.UUID",
                    "usr": "s:10Foundation4UUIDV"
                  }
                ],
                "usr": "s:Sq"
              }
            ],
            "declKind": "Constructor",
            "usr": "c:@M@KidozIronSourceAdapter@objc(cs)ISKidozCustomInterstitial(im)initWithAdUnit:adapterConfig:adUnitObjectId:",
            "mangledName": "$s22KidozIronSourceAdapter25ISKidozCustomInterstitialC6adUnit13adapterConfig0hI8ObjectIdACSo04ISAdI0C_So09ISAdapterK0C10Foundation4UUIDVSgtcfc",
            "moduleName": "KidozIronSourceAdapter",
            "overriding": true,
            "implicit": true,
            "objc_name": "initWithAdUnit:adapterConfig:adUnitObjectId:",
            "declAttributes": [
              "Dynamic",
              "ObjC",
              "Override"
            ],
            "init_kind": "Designated"
          },
          {
            "kind": "Constructor",
            "name": "init",
            "printedName": "init()",
            "children": [
              {
                "kind": "TypeNominal",
                "name": "ISKidozCustomInterstitial",
                "printedName": "KidozIronSourceAdapter.ISKidozCustomInterstitial",
                "usr": "c:@M@KidozIronSourceAdapter@objc(cs)ISKidozCustomInterstitial"
              }
            ],
            "declKind": "Constructor",
            "usr": "c:@M@KidozIronSourceAdapter@objc(cs)ISKidozCustomInterstitial(im)init",
            "mangledName": "$s22KidozIronSourceAdapter25ISKidozCustomInterstitialCACycfc",
            "moduleName": "KidozIronSourceAdapter",
            "overriding": true,
            "implicit": true,
            "objc_name": "init",
            "declAttributes": [
              "Dynamic",
              "ObjC",
              "Override"
            ],
            "init_kind": "Designated"
          }
        ],
        "declKind": "Class",
        "usr": "c:@M@KidozIronSourceAdapter@objc(cs)ISKidozCustomInterstitial",
        "mangledName": "$s22KidozIronSourceAdapter25ISKidozCustomInterstitialC",
        "moduleName": "KidozIronSourceAdapter",
        "objc_name": "ISKidozCustomInterstitial",
        "declAttributes": [
          "AccessControl",
          "ObjC"
        ],
        "superclassUsr": "c:objc(cs)ISBaseInterstitial",
        "inheritsConvenienceInitializers": true,
        "superclassNames": [
          "IronSource.ISBaseInterstitial",
          "IronSource.ISBaseAdInteractionAdapter",
          "IronSource.ISBaseAdAdapter",
          "ObjectiveC.NSObject"
        ],
        "conformances": [
          {
            "kind": "Conformance",
            "name": "KidozInterstitialDelegate",
            "printedName": "KidozInterstitialDelegate",
            "usr": "c:@M@KidozSDK@objc(pl)KidozInterstitialDelegate",
            "mangledName": "$s8KidozSDK0A20InterstitialDelegateP"
          },
          {
            "kind": "Conformance",
            "name": "Equatable",
            "printedName": "Equatable",
            "usr": "s:SQ",
            "mangledName": "$sSQ"
          },
          {
            "kind": "Conformance",
            "name": "Hashable",
            "printedName": "Hashable",
            "usr": "s:SH",
            "mangledName": "$sSH"
          },
          {
            "kind": "Conformance",
            "name": "CVarArg",
            "printedName": "CVarArg",
            "usr": "s:s7CVarArgP",
            "mangledName": "$ss7CVarArgP"
          },
          {
            "kind": "Conformance",
            "name": "_KeyValueCodingAndObservingPublishing",
            "printedName": "_KeyValueCodingAndObservingPublishing",
            "usr": "s:10Foundation37_KeyValueCodingAndObservingPublishingP",
            "mangledName": "$s10Foundation37_KeyValueCodingAndObservingPublishingP"
          },
          {
            "kind": "Conformance",
            "name": "_KeyValueCodingAndObserving",
            "printedName": "_KeyValueCodingAndObserving",
            "usr": "s:10Foundation27_KeyValueCodingAndObservingP",
            "mangledName": "$s10Foundation27_KeyValueCodingAndObservingP"
          },
          {
            "kind": "Conformance",
            "name": "CustomStringConvertible",
            "printedName": "CustomStringConvertible",
            "usr": "s:s23CustomStringConvertibleP",
            "mangledName": "$ss23CustomStringConvertibleP"
          },
          {
            "kind": "Conformance",
            "name": "CustomDebugStringConvertible",
            "printedName": "CustomDebugStringConvertible",
            "usr": "s:s28CustomDebugStringConvertibleP",
            "mangledName": "$ss28CustomDebugStringConvertibleP"
          }
        ]
      },
      {
        "kind": "Import",
        "name": "Foundation",
        "printedName": "Foundation",
        "declKind": "Import",
        "moduleName": "KidozIronSourceAdapter",
        "declAttributes": [
          "RawDocComment"
        ]
      },
      {
        "kind": "Import",
        "name": "Foundation",
        "printedName": "Foundation",
        "declKind": "Import",
        "moduleName": "KidozIronSourceAdapter"
      },
      {
        "kind": "Import",
        "name": "KidozSDK",
        "printedName": "KidozSDK",
        "declKind": "Import",
        "moduleName": "KidozIronSourceAdapter"
      },
      {
        "kind": "Import",
        "name": "IronSource",
        "printedName": "IronSource",
        "declKind": "Import",
        "moduleName": "KidozIronSourceAdapter"
      },
      {
        "kind": "TypeDecl",
        "name": "ISKidozCustomBanner",
        "printedName": "ISKidozCustomBanner",
        "children": [
          {
            "kind": "Function",
            "name": "loadAd",
            "printedName": "loadAd(with:viewController:size:delegate:)",
            "children": [
              {
                "kind": "TypeNominal",
                "name": "Void",
                "printedName": "()"
              },
              {
                "kind": "TypeNominal",
                "name": "ISAdData",
                "printedName": "IronSource.ISAdData",
                "usr": "c:objc(cs)ISAdData"
              },
              {
                "kind": "TypeNominal",
                "name": "UIViewController",
                "printedName": "UIKit.UIViewController",
                "usr": "c:objc(cs)UIViewController"
              },
              {
                "kind": "TypeNominal",
                "name": "ISBannerSize",
                "printedName": "IronSource.ISBannerSize",
                "usr": "c:objc(cs)ISBannerSize"
              },
              {
                "kind": "TypeNominal",
                "name": "ISBannerAdDelegate",
                "printedName": "IronSource.ISBannerAdDelegate",
                "usr": "c:objc(pl)ISBannerAdDelegate"
              }
            ],
            "declKind": "Func",
            "usr": "c:@M@KidozIronSourceAdapter@objc(cs)ISKidozCustomBanner(im)loadAdWithAdData:viewController:size:delegate:",
            "mangledName": "$s22KidozIronSourceAdapter19ISKidozCustomBannerC6loadAd4with14viewController4size8delegateySo8ISAdDataC_So06UIViewL0CSo12ISBannerSizeCSo0rI8Delegate_ptF",
            "moduleName": "KidozIronSourceAdapter",
            "overriding": true,
            "objc_name": "loadAdWithAdData:viewController:size:delegate:",
            "declAttributes": [
              "Dynamic",
              "ObjC",
              "Override",
              "AccessControl"
            ],
            "funcSelfKind": "NonMutating"
          },
          {
            "kind": "Function",
            "name": "destroyAd",
            "printedName": "destroyAd(with:)",
            "children": [
              {
                "kind": "TypeNominal",
                "name": "Void",
                "printedName": "()"
              },
              {
                "kind": "TypeNominal",
                "name": "ISAdData",
                "printedName": "IronSource.ISAdData",
                "usr": "c:objc(cs)ISAdData"
              }
            ],
            "declKind": "Func",
            "usr": "c:@M@KidozIronSourceAdapter@objc(cs)ISKidozCustomBanner(im)destroyAdWithAdData:",
            "mangledName": "$s22KidozIronSourceAdapter19ISKidozCustomBannerC9destroyAd4withySo8ISAdDataC_tF",
            "moduleName": "KidozIronSourceAdapter",
            "overriding": true,
            "objc_name": "destroyAdWithAdData:",
            "declAttributes": [
              "Dynamic",
              "ObjC",
              "Override",
              "AccessControl"
            ],
            "funcSelfKind": "NonMutating"
          },
          {
            "kind": "Function",
            "name": "onBannerAdLoaded",
            "printedName": "onBannerAdLoaded()",
            "children": [
              {
                "kind": "TypeNominal",
                "name": "Void",
                "printedName": "()"
              }
            ],
            "declKind": "Func",
            "usr": "c:@M@KidozIronSourceAdapter@objc(cs)ISKidozCustomBanner(im)onBannerAdLoaded",
            "mangledName": "$s22KidozIronSourceAdapter19ISKidozCustomBannerC02onG8AdLoadedyyF",
            "moduleName": "KidozIronSourceAdapter",
            "objc_name": "onBannerAdLoaded",
            "declAttributes": [
              "ObjC",
              "AccessControl"
            ],
            "funcSelfKind": "NonMutating"
          },
          {
            "kind": "Function",
            "name": "onBannerAdFailedToLoad",
            "printedName": "onBannerAdFailedToLoad(error:)",
            "children": [
              {
                "kind": "TypeNominal",
                "name": "Void",
                "printedName": "()"
              },
              {
                "kind": "TypeNominal",
                "name": "KidozError",
                "printedName": "KidozSDK.KidozError",
                "usr": "c:@M@KidozSDK@objc(cs)KidozError"
              }
            ],
            "declKind": "Func",
            "usr": "c:@M@KidozIronSourceAdapter@objc(cs)ISKidozCustomBanner(im)onBannerAdFailedToLoadWithError:",
            "mangledName": "$s22KidozIronSourceAdapter19ISKidozCustomBannerC02onG14AdFailedToLoad5errory0A3SDK0A5ErrorC_tF",
            "moduleName": "KidozIronSourceAdapter",
            "objc_name": "onBannerAdFailedToLoadWithError:",
            "declAttributes": [
              "ObjC",
              "AccessControl"
            ],
            "funcSelfKind": "NonMutating"
          },
          {
            "kind": "Function",
            "name": "onBannerAdShown",
            "printedName": "onBannerAdShown()",
            "children": [
              {
                "kind": "TypeNominal",
                "name": "Void",
                "printedName": "()"
              }
            ],
            "declKind": "Func",
            "usr": "c:@M@KidozIronSourceAdapter@objc(cs)ISKidozCustomBanner(im)onBannerAdShown",
            "mangledName": "$s22KidozIronSourceAdapter19ISKidozCustomBannerC02onG7AdShownyyF",
            "moduleName": "KidozIronSourceAdapter",
            "objc_name": "onBannerAdShown",
            "declAttributes": [
              "ObjC",
              "AccessControl"
            ],
            "funcSelfKind": "NonMutating"
          },
          {
            "kind": "Function",
            "name": "onBannerAdFailedToShow",
            "printedName": "onBannerAdFailedToShow(error:)",
            "children": [
              {
                "kind": "TypeNominal",
                "name": "Void",
                "printedName": "()"
              },
              {
                "kind": "TypeNominal",
                "name": "KidozError",
                "printedName": "KidozSDK.KidozError",
                "usr": "c:@M@KidozSDK@objc(cs)KidozError"
              }
            ],
            "declKind": "Func",
            "usr": "c:@M@KidozIronSourceAdapter@objc(cs)ISKidozCustomBanner(im)onBannerAdFailedToShowWithError:",
            "mangledName": "$s22KidozIronSourceAdapter19ISKidozCustomBannerC02onG14AdFailedToShow5errory0A3SDK0A5ErrorC_tF",
            "moduleName": "KidozIronSourceAdapter",
            "objc_name": "onBannerAdFailedToShowWithError:",
            "declAttributes": [
              "ObjC",
              "AccessControl"
            ],
            "funcSelfKind": "NonMutating"
          },
          {
            "kind": "Function",
            "name": "onBannerAdImpression",
            "printedName": "onBannerAdImpression()",
            "children": [
              {
                "kind": "TypeNominal",
                "name": "Void",
                "printedName": "()"
              }
            ],
            "declKind": "Func",
            "usr": "c:@M@KidozIronSourceAdapter@objc(cs)ISKidozCustomBanner(im)onBannerAdImpression",
            "mangledName": "$s22KidozIronSourceAdapter19ISKidozCustomBannerC02onG12AdImpressionyyF",
            "moduleName": "KidozIronSourceAdapter",
            "objc_name": "onBannerAdImpression",
            "declAttributes": [
              "ObjC",
              "AccessControl"
            ],
            "funcSelfKind": "NonMutating"
          },
          {
            "kind": "Function",
            "name": "onBannerAdClosed",
            "printedName": "onBannerAdClosed()",
            "children": [
              {
                "kind": "TypeNominal",
                "name": "Void",
                "printedName": "()"
              }
            ],
            "declKind": "Func",
            "usr": "c:@M@KidozIronSourceAdapter@objc(cs)ISKidozCustomBanner(im)onBannerAdClosed",
            "mangledName": "$s22KidozIronSourceAdapter19ISKidozCustomBannerC02onG8AdClosedyyF",
            "moduleName": "KidozIronSourceAdapter",
            "objc_name": "onBannerAdClosed",
            "declAttributes": [
              "ObjC",
              "AccessControl"
            ],
            "funcSelfKind": "NonMutating"
          },
          {
            "kind": "Constructor",
            "name": "init",
            "printedName": "init(_:)",
            "children": [
              {
                "kind": "TypeNominal",
                "name": "ISKidozCustomBanner",
                "printedName": "KidozIronSourceAdapter.ISKidozCustomBanner",
                "usr": "c:@M@KidozIronSourceAdapter@objc(cs)ISKidozCustomBanner"
              },
              {
                "kind": "TypeNominal",
                "name": "ISAdapterConfig",
                "printedName": "IronSource.ISAdapterConfig",
                "usr": "c:objc(cs)ISAdapterConfig"
              }
            ],
            "declKind": "Constructor",
            "usr": "c:@M@KidozIronSourceAdapter@objc(cs)ISKidozCustomBanner(im)init:",
            "mangledName": "$s22KidozIronSourceAdapter19ISKidozCustomBannerCyACSo15ISAdapterConfigCcfc",
            "moduleName": "KidozIronSourceAdapter",
            "overriding": true,
            "implicit": true,
            "objc_name": "init:",
            "declAttributes": [
              "Dynamic",
              "ObjC",
              "Override"
            ],
            "init_kind": "Designated"
          },
          {
            "kind": "Constructor",
            "name": "init",
            "printedName": "init(adUnit:adapterConfig:)",
            "children": [
              {
                "kind": "TypeNominal",
                "name": "ISKidozCustomBanner",
                "printedName": "KidozIronSourceAdapter.ISKidozCustomBanner",
                "usr": "c:@M@KidozIronSourceAdapter@objc(cs)ISKidozCustomBanner"
              },
              {
                "kind": "TypeNominal",
                "name": "ISAdUnit",
                "printedName": "IronSource.ISAdUnit",
                "usr": "c:objc(cs)ISAdUnit"
              },
              {
                "kind": "TypeNominal",
                "name": "ISAdapterConfig",
                "printedName": "IronSource.ISAdapterConfig",
                "usr": "c:objc(cs)ISAdapterConfig"
              }
            ],
            "declKind": "Constructor",
            "usr": "c:@M@KidozIronSourceAdapter@objc(cs)ISKidozCustomBanner(im)initWithAdUnit:adapterConfig:",
            "mangledName": "$s22KidozIronSourceAdapter19ISKidozCustomBannerC6adUnit13adapterConfigACSo04ISAdI0C_So09ISAdapterK0Ctcfc",
            "moduleName": "KidozIronSourceAdapter",
            "overriding": true,
            "implicit": true,
            "objc_name": "initWithAdUnit:adapterConfig:",
            "declAttributes": [
              "Dynamic",
              "ObjC",
              "Override"
            ],
            "init_kind": "Designated"
          },
          {
            "kind": "Constructor",
            "name": "init",
            "printedName": "init(adUnit:adapterConfig:adUnitObjectId:)",
            "children": [
              {
                "kind": "TypeNominal",
                "name": "ISKidozCustomBanner",
                "printedName": "KidozIronSourceAdapter.ISKidozCustomBanner",
                "usr": "c:@M@KidozIronSourceAdapter@objc(cs)ISKidozCustomBanner"
              },
              {
                "kind": "TypeNominal",
                "name": "ISAdUnit",
                "printedName": "IronSource.ISAdUnit",
                "usr": "c:objc(cs)ISAdUnit"
              },
              {
                "kind": "TypeNominal",
                "name": "ISAdapterConfig",
                "printedName": "IronSource.ISAdapterConfig",
                "usr": "c:objc(cs)ISAdapterConfig"
              },
              {
                "kind": "TypeNominal",
                "name": "Optional",
                "printedName": "Foundation.UUID?",
                "children": [
                  {
                    "kind": "TypeNominal",
                    "name": "UUID",
                    "printedName": "Foundation.UUID",
                    "usr": "s:10Foundation4UUIDV"
                  }
                ],
                "usr": "s:Sq"
              }
            ],
            "declKind": "Constructor",
            "usr": "c:@M@KidozIronSourceAdapter@objc(cs)ISKidozCustomBanner(im)initWithAdUnit:adapterConfig:adUnitObjectId:",
            "mangledName": "$s22KidozIronSourceAdapter19ISKidozCustomBannerC6adUnit13adapterConfig0hI8ObjectIdACSo04ISAdI0C_So09ISAdapterK0C10Foundation4UUIDVSgtcfc",
            "moduleName": "KidozIronSourceAdapter",
            "overriding": true,
            "implicit": true,
            "objc_name": "initWithAdUnit:adapterConfig:adUnitObjectId:",
            "declAttributes": [
              "Dynamic",
              "ObjC",
              "Override"
            ],
            "init_kind": "Designated"
          },
          {
            "kind": "Constructor",
            "name": "init",
            "printedName": "init()",
            "children": [
              {
                "kind": "TypeNominal",
                "name": "ISKidozCustomBanner",
                "printedName": "KidozIronSourceAdapter.ISKidozCustomBanner",
                "usr": "c:@M@KidozIronSourceAdapter@objc(cs)ISKidozCustomBanner"
              }
            ],
            "declKind": "Constructor",
            "usr": "c:@M@KidozIronSourceAdapter@objc(cs)ISKidozCustomBanner(im)init",
            "mangledName": "$s22KidozIronSourceAdapter19ISKidozCustomBannerCACycfc",
            "moduleName": "KidozIronSourceAdapter",
            "overriding": true,
            "implicit": true,
            "objc_name": "init",
            "declAttributes": [
              "Dynamic",
              "ObjC",
              "Override"
            ],
            "init_kind": "Designated"
          }
        ],
        "declKind": "Class",
        "usr": "c:@M@KidozIronSourceAdapter@objc(cs)ISKidozCustomBanner",
        "mangledName": "$s22KidozIronSourceAdapter19ISKidozCustomBannerC",
        "moduleName": "KidozIronSourceAdapter",
        "objc_name": "ISKidozCustomBanner",
        "declAttributes": [
          "AccessControl",
          "ObjC"
        ],
        "superclassUsr": "c:objc(cs)ISBaseBanner",
        "inheritsConvenienceInitializers": true,
        "superclassNames": [
          "IronSource.ISBaseBanner",
          "IronSource.ISBaseAdAdapter",
          "ObjectiveC.NSObject"
        ],
        "conformances": [
          {
            "kind": "Conformance",
            "name": "KidozBannerDelegate",
            "printedName": "KidozBannerDelegate",
            "usr": "c:@M@KidozSDK@objc(pl)KidozBannerDelegate",
            "mangledName": "$s8KidozSDK0A14BannerDelegateP"
          },
          {
            "kind": "Conformance",
            "name": "Equatable",
            "printedName": "Equatable",
            "usr": "s:SQ",
            "mangledName": "$sSQ"
          },
          {
            "kind": "Conformance",
            "name": "Hashable",
            "printedName": "Hashable",
            "usr": "s:SH",
            "mangledName": "$sSH"
          },
          {
            "kind": "Conformance",
            "name": "CVarArg",
            "printedName": "CVarArg",
            "usr": "s:s7CVarArgP",
            "mangledName": "$ss7CVarArgP"
          },
          {
            "kind": "Conformance",
            "name": "_KeyValueCodingAndObservingPublishing",
            "printedName": "_KeyValueCodingAndObservingPublishing",
            "usr": "s:10Foundation37_KeyValueCodingAndObservingPublishingP",
            "mangledName": "$s10Foundation37_KeyValueCodingAndObservingPublishingP"
          },
          {
            "kind": "Conformance",
            "name": "_KeyValueCodingAndObserving",
            "printedName": "_KeyValueCodingAndObserving",
            "usr": "s:10Foundation27_KeyValueCodingAndObservingP",
            "mangledName": "$s10Foundation27_KeyValueCodingAndObservingP"
          },
          {
            "kind": "Conformance",
            "name": "CustomStringConvertible",
            "printedName": "CustomStringConvertible",
            "usr": "s:s23CustomStringConvertibleP",
            "mangledName": "$ss23CustomStringConvertibleP"
          },
          {
            "kind": "Conformance",
            "name": "CustomDebugStringConvertible",
            "printedName": "CustomDebugStringConvertible",
            "usr": "s:s28CustomDebugStringConvertibleP",
            "mangledName": "$ss28CustomDebugStringConvertibleP"
          }
        ]
      }
    ],
    "json_format_version": 8
  },
  "ConstValues": [
    {
      "filePath": "\/Users\/yarden\/Development\/_Legacy\/kidoz-ios-ironsource-adapter\/KidozIronSourceAdapter\/KidozIronSourceAdapter\/ISKidozCustomAdapter.swift",
      "kind": "StringLiteral",
      "offset": 764,
      "length": 13,
      "value": "\"publisherId\""
    },
    {
      "filePath": "\/Users\/yarden\/Development\/_Legacy\/kidoz-ios-ironsource-adapter\/KidozIronSourceAdapter\/KidozIronSourceAdapter\/ISKidozCustomAdapter.swift",
      "kind": "StringLiteral",
      "offset": 829,
      "length": 7,
      "value": "\"token\""
    },
    {
      "filePath": "\/Users\/yarden\/Development\/_Legacy\/kidoz-ios-ironsource-adapter\/KidozIronSourceAdapter\/KidozIronSourceAdapter\/ISKidozCustomAdapter.swift",
      "kind": "StringLiteral",
      "offset": 979,
      "length": 12,
      "value": "\"ironsource\""
    },
    {
      "filePath": "\/Users\/yarden\/Development\/_Legacy\/kidoz-ios-ironsource-adapter\/KidozIronSourceAdapter\/KidozIronSourceAdapter\/ISKidozCustomAdapter.swift",
      "kind": "StringLiteral",
      "offset": 1267,
      "length": 35,
      "value": "\"Missing publisher id and\/or token\""
    },
    {
      "filePath": "\/Users\/yarden\/Development\/_Legacy\/kidoz-ios-ironsource-adapter\/KidozIronSourceAdapter\/KidozIronSourceAdapter\/KidozIronSourceSDKInfo.swift",
      "kind": "StringLiteral",
      "offset": 277,
      "length": 94,
      "value": "\"\""
    },
    {
      "filePath": "\/Users\/yarden\/Development\/_Legacy\/kidoz-ios-ironsource-adapter\/KidozIronSourceAdapter\/KidozIronSourceAdapter\/KidozIronSourceSDKInfo.swift",
      "kind": "StringLiteral",
      "offset": 323,
      "length": 1,
      "value": "\"::\""
    },
    {
      "filePath": "\/Users\/yarden\/Development\/_Legacy\/kidoz-ios-ironsource-adapter\/KidozIronSourceAdapter\/KidozIronSourceAdapter\/KidozIronSourceSDKInfo.swift",
      "kind": "StringLiteral",
      "offset": 370,
      "length": 1,
      "value": "\"\""
    },
    {
      "filePath": "\/Users\/yarden\/Development\/_Legacy\/kidoz-ios-ironsource-adapter\/KidozIronSourceAdapter\/KidozIronSourceAdapter\/KidozIronSourceSDKInfo.swift",
      "kind": "StringLiteral",
      "offset": 568,
      "length": 7,
      "value": "\"1.3.2\""
    },
    {
      "filePath": "\/Users\/yarden\/Development\/_Legacy\/kidoz-ios-ironsource-adapter\/KidozIronSourceAdapter\/KidozIronSourceAdapter\/ISKidozCustomRewardedVideo.swift",
      "kind": "StringLiteral",
      "offset": 668,
      "length": 8,
      "value": "\"loadAd\""
    },
    {
      "filePath": "\/Users\/yarden\/Development\/_Legacy\/kidoz-ios-ironsource-adapter\/KidozIronSourceAdapter\/KidozIronSourceAdapter\/ISKidozCustomRewardedVideo.swift",
      "kind": "StringLiteral",
      "offset": 952,
      "length": 8,
      "value": "\"showAd\""
    },
    {
      "filePath": "\/Users\/yarden\/Development\/_Legacy\/kidoz-ios-ironsource-adapter\/KidozIronSourceAdapter\/KidozIronSourceAdapter\/ISKidozCustomRewardedVideo.swift",
      "kind": "StringLiteral",
      "offset": 1167,
      "length": 25,
      "value": "\"showAd Ad is not loaded\""
    },
    {
      "filePath": "\/Users\/yarden\/Development\/_Legacy\/kidoz-ios-ironsource-adapter\/KidozIronSourceAdapter\/KidozIronSourceAdapter\/ISKidozCustomRewardedVideo.swift",
      "kind": "StringLiteral",
      "offset": 1296,
      "length": 18,
      "value": "\"Ad is not loaded\""
    },
    {
      "filePath": "\/Users\/yarden\/Development\/_Legacy\/kidoz-ios-ironsource-adapter\/KidozIronSourceAdapter\/KidozIronSourceAdapter\/ISKidozCustomRewardedVideo.swift",
      "kind": "StringLiteral",
      "offset": 1658,
      "length": 20,
      "value": "\"onRewardedAdLoaded\""
    },
    {
      "filePath": "\/Users\/yarden\/Development\/_Legacy\/kidoz-ios-ironsource-adapter\/KidozIronSourceAdapter\/KidozIronSourceAdapter\/ISKidozCustomRewardedVideo.swift",
      "kind": "StringLiteral",
      "offset": 1867,
      "length": 44,
      "value": "\"onRewardedAdFailedToLoad::\""
    },
    {
      "filePath": "\/Users\/yarden\/Development\/_Legacy\/kidoz-ios-ironsource-adapter\/KidozIronSourceAdapter\/KidozIronSourceAdapter\/ISKidozCustomRewardedVideo.swift",
      "kind": "StringLiteral",
      "offset": 1910,
      "length": 2,
      "value": "\"\""
    },
    {
      "filePath": "\/Users\/yarden\/Development\/_Legacy\/kidoz-ios-ironsource-adapter\/KidozIronSourceAdapter\/KidozIronSourceAdapter\/ISKidozCustomRewardedVideo.swift",
      "kind": "StringLiteral",
      "offset": 2168,
      "length": 19,
      "value": "\"onRewardedAdShown\""
    },
    {
      "filePath": "\/Users\/yarden\/Development\/_Legacy\/kidoz-ios-ironsource-adapter\/KidozIronSourceAdapter\/KidozIronSourceAdapter\/ISKidozCustomRewardedVideo.swift",
      "kind": "StringLiteral",
      "offset": 2355,
      "length": 44,
      "value": "\"onRewardedAdFailedToShow::\""
    },
    {
      "filePath": "\/Users\/yarden\/Development\/_Legacy\/kidoz-ios-ironsource-adapter\/KidozIronSourceAdapter\/KidozIronSourceAdapter\/ISKidozCustomRewardedVideo.swift",
      "kind": "StringLiteral",
      "offset": 2398,
      "length": 2,
      "value": "\"\""
    },
    {
      "filePath": "\/Users\/yarden\/Development\/_Legacy\/kidoz-ios-ironsource-adapter\/KidozIronSourceAdapter\/KidozIronSourceAdapter\/ISKidozCustomRewardedVideo.swift",
      "kind": "StringLiteral",
      "offset": 2609,
      "length": 22,
      "value": "\"onRewardedImpression\""
    },
    {
      "filePath": "\/Users\/yarden\/Development\/_Legacy\/kidoz-ios-ironsource-adapter\/KidozIronSourceAdapter\/KidozIronSourceAdapter\/ISKidozCustomRewardedVideo.swift",
      "kind": "StringLiteral",
      "offset": 2753,
      "length": 18,
      "value": "\"onRewardReceived\""
    },
    {
      "filePath": "\/Users\/yarden\/Development\/_Legacy\/kidoz-ios-ironsource-adapter\/KidozIronSourceAdapter\/KidozIronSourceAdapter\/ISKidozCustomRewardedVideo.swift",
      "kind": "StringLiteral",
      "offset": 2936,
      "length": 20,
      "value": "\"onRewardedAdClosed\""
    },
    {
      "filePath": "\/Users\/yarden\/Development\/_Legacy\/kidoz-ios-ironsource-adapter\/KidozIronSourceAdapter\/KidozIronSourceAdapter\/ISKidozCustomInterstitial.swift",
      "kind": "StringLiteral",
      "offset": 670,
      "length": 8,
      "value": "\"loadAd\""
    },
    {
      "filePath": "\/Users\/yarden\/Development\/_Legacy\/kidoz-ios-ironsource-adapter\/KidozIronSourceAdapter\/KidozIronSourceAdapter\/ISKidozCustomInterstitial.swift",
      "kind": "StringLiteral",
      "offset": 957,
      "length": 8,
      "value": "\"showAd\""
    },
    {
      "filePath": "\/Users\/yarden\/Development\/_Legacy\/kidoz-ios-ironsource-adapter\/KidozIronSourceAdapter\/KidozIronSourceAdapter\/ISKidozCustomInterstitial.swift",
      "kind": "StringLiteral",
      "offset": 1171,
      "length": 25,
      "value": "\"showAd Ad is not loaded\""
    },
    {
      "filePath": "\/Users\/yarden\/Development\/_Legacy\/kidoz-ios-ironsource-adapter\/KidozIronSourceAdapter\/KidozIronSourceAdapter\/ISKidozCustomInterstitial.swift",
      "kind": "StringLiteral",
      "offset": 1300,
      "length": 18,
      "value": "\"Ad is not loaded\""
    },
    {
      "filePath": "\/Users\/yarden\/Development\/_Legacy\/kidoz-ios-ironsource-adapter\/KidozIronSourceAdapter\/KidozIronSourceAdapter\/ISKidozCustomInterstitial.swift",
      "kind": "StringLiteral",
      "offset": 1669,
      "length": 24,
      "value": "\"onInterstitialAdLoaded\""
    },
    {
      "filePath": "\/Users\/yarden\/Development\/_Legacy\/kidoz-ios-ironsource-adapter\/KidozIronSourceAdapter\/KidozIronSourceAdapter\/ISKidozCustomInterstitial.swift",
      "kind": "StringLiteral",
      "offset": 1885,
      "length": 48,
      "value": "\"onInterstitialAdFailedToLoad::\""
    },
    {
      "filePath": "\/Users\/yarden\/Development\/_Legacy\/kidoz-ios-ironsource-adapter\/KidozIronSourceAdapter\/KidozIronSourceAdapter\/ISKidozCustomInterstitial.swift",
      "kind": "StringLiteral",
      "offset": 1932,
      "length": 2,
      "value": "\"\""
    },
    {
      "filePath": "\/Users\/yarden\/Development\/_Legacy\/kidoz-ios-ironsource-adapter\/KidozIronSourceAdapter\/KidozIronSourceAdapter\/ISKidozCustomInterstitial.swift",
      "kind": "StringLiteral",
      "offset": 2197,
      "length": 23,
      "value": "\"onInterstitialAdShown\""
    },
    {
      "filePath": "\/Users\/yarden\/Development\/_Legacy\/kidoz-ios-ironsource-adapter\/KidozIronSourceAdapter\/KidozIronSourceAdapter\/ISKidozCustomInterstitial.swift",
      "kind": "StringLiteral",
      "offset": 2391,
      "length": 48,
      "value": "\"onInterstitialAdFailedToShow::\""
    },
    {
      "filePath": "\/Users\/yarden\/Development\/_Legacy\/kidoz-ios-ironsource-adapter\/KidozIronSourceAdapter\/KidozIronSourceAdapter\/ISKidozCustomInterstitial.swift",
      "kind": "StringLiteral",
      "offset": 2438,
      "length": 2,
      "value": "\"\""
    },
    {
      "filePath": "\/Users\/yarden\/Development\/_Legacy\/kidoz-ios-ironsource-adapter\/KidozIronSourceAdapter\/KidozIronSourceAdapter\/ISKidozCustomInterstitial.swift",
      "kind": "StringLiteral",
      "offset": 2652,
      "length": 26,
      "value": "\"onInterstitialImpression\""
    },
    {
      "filePath": "\/Users\/yarden\/Development\/_Legacy\/kidoz-ios-ironsource-adapter\/KidozIronSourceAdapter\/KidozIronSourceAdapter\/ISKidozCustomInterstitial.swift",
      "kind": "StringLiteral",
      "offset": 2809,
      "length": 24,
      "value": "\"onInterstitialAdClosed\""
    },
    {
      "filePath": "\/Users\/yarden\/Development\/_Legacy\/kidoz-ios-ironsource-adapter\/KidozIronSourceAdapter\/KidozIronSourceAdapter\/ISKidozCustomBanner.swift",
      "kind": "StringLiteral",
      "offset": 637,
      "length": 8,
      "value": "\"loadAd\""
    },
    {
      "filePath": "\/Users\/yarden\/Development\/_Legacy\/kidoz-ios-ironsource-adapter\/KidozIronSourceAdapter\/KidozIronSourceAdapter\/ISKidozCustomBanner.swift",
      "kind": "StringLiteral",
      "offset": 1047,
      "length": 18,
      "value": "\"onBannerAdLoaded\""
    },
    {
      "filePath": "\/Users\/yarden\/Development\/_Legacy\/kidoz-ios-ironsource-adapter\/KidozIronSourceAdapter\/KidozIronSourceAdapter\/ISKidozCustomBanner.swift",
      "kind": "StringLiteral",
      "offset": 1190,
      "length": 42,
      "value": "\"onBannerAdFailedToLoad::\""
    },
    {
      "filePath": "\/Users\/yarden\/Development\/_Legacy\/kidoz-ios-ironsource-adapter\/KidozIronSourceAdapter\/KidozIronSourceAdapter\/ISKidozCustomBanner.swift",
      "kind": "StringLiteral",
      "offset": 1231,
      "length": 2,
      "value": "\"\""
    },
    {
      "filePath": "\/Users\/yarden\/Development\/_Legacy\/kidoz-ios-ironsource-adapter\/KidozIronSourceAdapter\/KidozIronSourceAdapter\/ISKidozCustomBanner.swift",
      "kind": "StringLiteral",
      "offset": 1458,
      "length": 17,
      "value": "\"onBannerAdShown\""
    },
    {
      "filePath": "\/Users\/yarden\/Development\/_Legacy\/kidoz-ios-ironsource-adapter\/KidozIronSourceAdapter\/KidozIronSourceAdapter\/ISKidozCustomBanner.swift",
      "kind": "StringLiteral",
      "offset": 1827,
      "length": 42,
      "value": "\"onBannerAdFailedToShow::\""
    },
    {
      "filePath": "\/Users\/yarden\/Development\/_Legacy\/kidoz-ios-ironsource-adapter\/KidozIronSourceAdapter\/KidozIronSourceAdapter\/ISKidozCustomBanner.swift",
      "kind": "StringLiteral",
      "offset": 1868,
      "length": 2,
      "value": "\"\""
    },
    {
      "filePath": "\/Users\/yarden\/Development\/_Legacy\/kidoz-ios-ironsource-adapter\/KidozIronSourceAdapter\/KidozIronSourceAdapter\/ISKidozCustomBanner.swift",
      "kind": "StringLiteral",
      "offset": 2100,
      "length": 22,
      "value": "\"onBannerAdImpression\""
    },
    {
      "filePath": "\/Users\/yarden\/Development\/_Legacy\/kidoz-ios-ironsource-adapter\/KidozIronSourceAdapter\/KidozIronSourceAdapter\/ISKidozCustomBanner.swift",
      "kind": "StringLiteral",
      "offset": 2215,
      "length": 18,
      "value": "\"onBannerAdClosed\""
    }
  ]
}