{
  "ABIRoot": {
    "kind": "Root",
    "name": "TopLevel",
    "printedName": "TopLevel",
    "children": [
      {
        "kind": "Import",
        "name": "Foundation",
        "printedName": "Foundation",
        "declKind": "Import",
        "moduleName": "KidozAdmobAdapter",
        "declAttributes": [
          "RawDocComment"
        ]
      },
      {
        "kind": "Import",
        "name": "KidozSDK",
        "printedName": "KidozSDK",
        "declKind": "Import",
        "moduleName": "KidozAdmobAdapter"
      },
      {
        "kind": "TypeDecl",
        "name": "KidozAdMobSDKInfo",
        "printedName": "KidozAdMobSDKInfo",
        "children": [
          {
            "kind": "Function",
            "name": "getSdkVersion",
            "printedName": "getSdkVersion()",
            "children": [
              {
                "kind": "TypeNominal",
                "name": "String",
                "printedName": "Swift.String",
                "usr": "s:SS"
              }
            ],
            "declKind": "Func",
            "usr": "s:17KidozAdmobAdapter0A12AdMobSDKInfoC13getSdkVersionSSyFZ",
            "mangledName": "$s17KidozAdmobAdapter0A12AdMobSDKInfoC13getSdkVersionSSyFZ",
            "moduleName": "KidozAdmobAdapter",
            "static": true,
            "declAttributes": [
              "Final",
              "AccessControl"
            ],
            "funcSelfKind": "NonMutating"
          },
          {
            "kind": "Function",
            "name": "networkSDKVersion",
            "printedName": "networkSDKVersion()",
            "children": [
              {
                "kind": "TypeNominal",
                "name": "String",
                "printedName": "Swift.String",
                "usr": "s:SS"
              }
            ],
            "declKind": "Func",
            "usr": "s:17KidozAdmobAdapter0A12AdMobSDKInfoC17networkSDKVersionSSyFZ",
            "mangledName": "$s17KidozAdmobAdapter0A12AdMobSDKInfoC17networkSDKVersionSSyFZ",
            "moduleName": "KidozAdmobAdapter",
            "static": true,
            "declAttributes": [
              "Final",
              "AccessControl"
            ],
            "funcSelfKind": "NonMutating"
          },
          {
            "kind": "Function",
            "name": "adapterSDKVersion",
            "printedName": "adapterSDKVersion()",
            "children": [
              {
                "kind": "TypeNominal",
                "name": "String",
                "printedName": "Swift.String",
                "usr": "s:SS"
              }
            ],
            "declKind": "Func",
            "usr": "s:17KidozAdmobAdapter0A12AdMobSDKInfoC17adapterSDKVersionSSyFZ",
            "mangledName": "$s17KidozAdmobAdapter0A12AdMobSDKInfoC17adapterSDKVersionSSyFZ",
            "moduleName": "KidozAdmobAdapter",
            "static": true,
            "declAttributes": [
              "Final",
              "AccessControl"
            ],
            "funcSelfKind": "NonMutating"
          },
          {
            "kind": "Constructor",
            "name": "init",
            "printedName": "init()",
            "children": [
              {
                "kind": "TypeNominal",
                "name": "KidozAdMobSDKInfo",
                "printedName": "KidozAdmobAdapter.KidozAdMobSDKInfo",
                "usr": "c:@M@KidozAdmobAdapter@objc(cs)KidozAdMobSDKInfo"
              }
            ],
            "declKind": "Constructor",
            "usr": "c:@M@KidozAdmobAdapter@objc(cs)KidozAdMobSDKInfo(im)init",
            "mangledName": "$s17KidozAdmobAdapter0A12AdMobSDKInfoCACycfc",
            "moduleName": "KidozAdmobAdapter",
            "overriding": true,
            "implicit": true,
            "objc_name": "init",
            "declAttributes": [
              "Dynamic",
              "ObjC",
              "Override"
            ],
            "init_kind": "Designated"
          }
        ],
        "declKind": "Class",
        "usr": "c:@M@KidozAdmobAdapter@objc(cs)KidozAdMobSDKInfo",
        "mangledName": "$s17KidozAdmobAdapter0A12AdMobSDKInfoC",
        "moduleName": "KidozAdmobAdapter",
        "objc_name": "KidozAdMobSDKInfo",
        "declAttributes": [
          "AccessControl",
          "ObjC"
        ],
        "superclassUsr": "c:objc(cs)NSObject",
        "inheritsConvenienceInitializers": true,
        "superclassNames": [
          "ObjectiveC.NSObject"
        ],
        "conformances": [
          {
            "kind": "Conformance",
            "name": "Equatable",
            "printedName": "Equatable",
            "usr": "s:SQ",
            "mangledName": "$sSQ"
          },
          {
            "kind": "Conformance",
            "name": "Hashable",
            "printedName": "Hashable",
            "usr": "s:SH",
            "mangledName": "$sSH"
          },
          {
            "kind": "Conformance",
            "name": "CVarArg",
            "printedName": "CVarArg",
            "usr": "s:s7CVarArgP",
            "mangledName": "$ss7CVarArgP"
          },
          {
            "kind": "Conformance",
            "name": "_KeyValueCodingAndObservingPublishing",
            "printedName": "_KeyValueCodingAndObservingPublishing",
            "usr": "s:10Foundation37_KeyValueCodingAndObservingPublishingP",
            "mangledName": "$s10Foundation37_KeyValueCodingAndObservingPublishingP"
          },
          {
            "kind": "Conformance",
            "name": "_KeyValueCodingAndObserving",
            "printedName": "_KeyValueCodingAndObserving",
            "usr": "s:10Foundation27_KeyValueCodingAndObservingP",
            "mangledName": "$s10Foundation27_KeyValueCodingAndObservingP"
          },
          {
            "kind": "Conformance",
            "name": "CustomStringConvertible",
            "printedName": "CustomStringConvertible",
            "usr": "s:s23CustomStringConvertibleP",
            "mangledName": "$ss23CustomStringConvertibleP"
          },
          {
            "kind": "Conformance",
            "name": "CustomDebugStringConvertible",
            "printedName": "CustomDebugStringConvertible",
            "usr": "s:s28CustomDebugStringConvertibleP",
            "mangledName": "$ss28CustomDebugStringConvertibleP"
          }
        ]
      },
      {
        "kind": "Import",
        "name": "GoogleMobileAds",
        "printedName": "GoogleMobileAds",
        "declKind": "Import",
        "moduleName": "KidozAdmobAdapter",
        "declAttributes": [
          "RawDocComment"
        ]
      },
      {
        "kind": "Import",
        "name": "KidozSDK",
        "printedName": "KidozSDK",
        "declKind": "Import",
        "moduleName": "KidozAdmobAdapter"
      },
      {
        "kind": "Import",
        "name": "Pods_KidozAdmobAdapter",
        "printedName": "Pods_KidozAdmobAdapter",
        "declKind": "Import",
        "moduleName": "KidozAdmobAdapter"
      },
      {
        "kind": "Import",
        "name": "GoogleMobileAds",
        "printedName": "GoogleMobileAds",
        "declKind": "Import",
        "moduleName": "KidozAdmobAdapter",
        "declAttributes": [
          "RawDocComment"
        ]
      },
      {
        "kind": "Import",
        "name": "KidozSDK",
        "printedName": "KidozSDK",
        "declKind": "Import",
        "moduleName": "KidozAdmobAdapter"
      },
      {
        "kind": "Import",
        "name": "GoogleMobileAds",
        "printedName": "GoogleMobileAds",
        "declKind": "Import",
        "moduleName": "KidozAdmobAdapter",
        "declAttributes": [
          "RawDocComment"
        ]
      },
      {
        "kind": "Import",
        "name": "KidozSDK",
        "printedName": "KidozSDK",
        "declKind": "Import",
        "moduleName": "KidozAdmobAdapter"
      },
      {
        "kind": "Import",
        "name": "GoogleMobileAds",
        "printedName": "GoogleMobileAds",
        "declKind": "Import",
        "moduleName": "KidozAdmobAdapter",
        "declAttributes": [
          "RawDocComment"
        ]
      },
      {
        "kind": "Import",
        "name": "KidozSDK",
        "printedName": "KidozSDK",
        "declKind": "Import",
        "moduleName": "KidozAdmobAdapter"
      }
    ],
    "json_format_version": 8
  },
  "ConstValues": [
    {
      "filePath": "\/Users\/maria\/Desktop\/Development\/iOS\/kidoz-ios-admob-adapter\/KidozAdmobAdapter\/KidozAdmobAdapter\/KidozAdMobSDKInfo.swift",
      "kind": "StringLiteral",
      "offset": 263,
      "length": 84,
      "value": "\"\""
    },
    {
      "filePath": "\/Users\/maria\/Desktop\/Development\/iOS\/kidoz-ios-admob-adapter\/KidozAdmobAdapter\/KidozAdmobAdapter\/KidozAdMobSDKInfo.swift",
      "kind": "StringLiteral",
      "offset": 304,
      "length": 1,
      "value": "\"::\""
    },
    {
      "filePath": "\/Users\/maria\/Desktop\/Development\/iOS\/kidoz-ios-admob-adapter\/KidozAdmobAdapter\/KidozAdmobAdapter\/KidozAdMobSDKInfo.swift",
      "kind": "StringLiteral",
      "offset": 346,
      "length": 1,
      "value": "\"\""
    },
    {
      "filePath": "\/Users\/maria\/Desktop\/Development\/iOS\/kidoz-ios-admob-adapter\/KidozAdmobAdapter\/KidozAdmobAdapter\/KidozAdMobSDKInfo.swift",
      "kind": "StringLiteral",
      "offset": 537,
      "length": 7,
      "value": "\"1.0.1\""
    },
    {
      "filePath": "\/Users\/maria\/Desktop\/Development\/iOS\/kidoz-ios-admob-adapter\/KidozAdmobAdapter\/KidozAdmobAdapter\/KidozAdmobAdapter.swift",
      "kind": "StringLiteral",
      "offset": 725,
      "length": 6,
      "value": "\"init\""
    },
    {
      "filePath": "\/Users\/maria\/Desktop\/Development\/iOS\/kidoz-ios-admob-adapter\/KidozAdmobAdapter\/KidozAdmobAdapter\/KidozAdmobAdapter.swift",
      "kind": "StringLiteral",
      "offset": 802,
      "length": 8,
      "value": "\"deinit\""
    },
    {
      "filePath": "\/Users\/maria\/Desktop\/Development\/iOS\/kidoz-ios-admob-adapter\/KidozAdmobAdapter\/KidozAdmobAdapter\/KidozAdmobAdapter.swift",
      "kind": "StringLiteral",
      "offset": 1397,
      "length": 11,
      "value": "\"setUpWith\""
    },
    {
      "filePath": "\/Users\/maria\/Desktop\/Development\/iOS\/kidoz-ios-admob-adapter\/KidozAdmobAdapter\/KidozAdmobAdapter\/KidozAdmobAdapter.swift",
      "kind": "StringLiteral",
      "offset": 2020,
      "length": 12,
      "value": "\"class_name\""
    },
    {
      "filePath": "\/Users\/maria\/Desktop\/Development\/iOS\/kidoz-ios-admob-adapter\/KidozAdmobAdapter\/KidozAdmobAdapter\/KidozAdmobAdapter.swift",
      "kind": "StringLiteral",
      "offset": 2054,
      "length": 12,
      "value": "\"class_name\""
    },
    {
      "filePath": "\/Users\/maria\/Desktop\/Development\/iOS\/kidoz-ios-admob-adapter\/KidozAdmobAdapter\/KidozAdmobAdapter\/KidozAdmobAdapter.swift",
      "kind": "StringLiteral",
      "offset": 2089,
      "length": 7,
      "value": "\"Kidoz\""
    },
    {
      "filePath": "\/Users\/maria\/Desktop\/Development\/iOS\/kidoz-ios-admob-adapter\/KidozAdmobAdapter\/KidozAdmobAdapter\/KidozAdmobAdapter.swift",
      "kind": "StringLiteral",
      "offset": 2132,
      "length": 11,
      "value": "\"parameter\""
    },
    {
      "filePath": "\/Users\/maria\/Desktop\/Development\/iOS\/kidoz-ios-admob-adapter\/KidozAdmobAdapter\/KidozAdmobAdapter\/KidozAdmobAdapter.swift",
      "kind": "StringLiteral",
      "offset": 2440,
      "length": 7,
      "value": "\"AppID\""
    },
    {
      "filePath": "\/Users\/maria\/Desktop\/Development\/iOS\/kidoz-ios-admob-adapter\/KidozAdmobAdapter\/KidozAdmobAdapter\/KidozAdmobAdapter.swift",
      "kind": "StringLiteral",
      "offset": 2492,
      "length": 7,
      "value": "\"Token\""
    },
    {
      "filePath": "\/Users\/maria\/Desktop\/Development\/iOS\/kidoz-ios-admob-adapter\/KidozAdmobAdapter\/KidozAdmobAdapter\/KidozAdmobAdapter.swift",
      "kind": "StringLiteral",
      "offset": 2593,
      "length": 7,
      "value": "\"admob\""
    },
    {
      "filePath": "\/Users\/maria\/Desktop\/Development\/iOS\/kidoz-ios-admob-adapter\/KidozAdmobAdapter\/KidozAdmobAdapter\/KidozAdmobAdapter.swift",
      "kind": "StringLiteral",
      "offset": 2790,
      "length": 27,
      "value": "\"Missing Kidoz credentials\""
    },
    {
      "filePath": "\/Users\/maria\/Desktop\/Development\/iOS\/kidoz-ios-admob-adapter\/KidozAdmobAdapter\/KidozAdmobAdapter\/KidozAdmobAdapter.swift",
      "kind": "StringLiteral",
      "offset": 2860,
      "length": 27,
      "value": "\"Missing Kidoz credentials\""
    },
    {
      "filePath": "\/Users\/maria\/Desktop\/Development\/iOS\/kidoz-ios-admob-adapter\/KidozAdmobAdapter\/KidozAdmobAdapter\/KidozAdmobAdapter.swift",
      "kind": "StringLiteral",
      "offset": 3425,
      "length": 11,
      "value": "\"parameter\""
    },
    {
      "filePath": "\/Users\/maria\/Desktop\/Development\/iOS\/kidoz-ios-admob-adapter\/KidozAdmobAdapter\/KidozAdmobAdapter\/KidozAdmobAdapter.swift",
      "kind": "StringLiteral",
      "offset": 4069,
      "length": 11,
      "value": "\"parameter\""
    },
    {
      "filePath": "\/Users\/maria\/Desktop\/Development\/iOS\/kidoz-ios-admob-adapter\/KidozAdmobAdapter\/KidozAdmobAdapter\/KidozAdmobAdapter.swift",
      "kind": "StringLiteral",
      "offset": 4693,
      "length": 11,
      "value": "\"parameter\""
    },
    {
      "filePath": "\/Users\/maria\/Desktop\/Development\/iOS\/kidoz-ios-admob-adapter\/KidozAdmobAdapter\/KidozAdmobAdapter\/KidozAdmobAdapter.swift",
      "kind": "StringLiteral",
      "offset": 5241,
      "length": 3,
      "value": "\".\""
    },
    {
      "filePath": "\/Users\/maria\/Desktop\/Development\/iOS\/kidoz-ios-admob-adapter\/KidozAdmobAdapter\/KidozAdmobAdapter\/KidozAdmobAdapter.swift",
      "kind": "IntegerLiteral",
      "offset": 5293,
      "length": 1,
      "value": "3"
    },
    {
      "filePath": "\/Users\/maria\/Desktop\/Development\/iOS\/kidoz-ios-admob-adapter\/KidozAdmobAdapter\/KidozAdmobAdapter\/KidozAdmobAdapter.swift",
      "kind": "IntegerLiteral",
      "offset": 5350,
      "length": 1,
      "value": "0"
    },
    {
      "filePath": "\/Users\/maria\/Desktop\/Development\/iOS\/kidoz-ios-admob-adapter\/KidozAdmobAdapter\/KidozAdmobAdapter\/KidozAdmobAdapter.swift",
      "kind": "IntegerLiteral",
      "offset": 5357,
      "length": 1,
      "value": "0"
    },
    {
      "filePath": "\/Users\/maria\/Desktop\/Development\/iOS\/kidoz-ios-admob-adapter\/KidozAdmobAdapter\/KidozAdmobAdapter\/KidozAdmobAdapter.swift",
      "kind": "IntegerLiteral",
      "offset": 5412,
      "length": 1,
      "value": "1"
    },
    {
      "filePath": "\/Users\/maria\/Desktop\/Development\/iOS\/kidoz-ios-admob-adapter\/KidozAdmobAdapter\/KidozAdmobAdapter\/KidozAdmobAdapter.swift",
      "kind": "IntegerLiteral",
      "offset": 5419,
      "length": 1,
      "value": "0"
    },
    {
      "filePath": "\/Users\/maria\/Desktop\/Development\/iOS\/kidoz-ios-admob-adapter\/KidozAdmobAdapter\/KidozAdmobAdapter\/KidozAdmobAdapter.swift",
      "kind": "IntegerLiteral",
      "offset": 5474,
      "length": 1,
      "value": "2"
    },
    {
      "filePath": "\/Users\/maria\/Desktop\/Development\/iOS\/kidoz-ios-admob-adapter\/KidozAdmobAdapter\/KidozAdmobAdapter\/KidozAdmobAdapter.swift",
      "kind": "IntegerLiteral",
      "offset": 5481,
      "length": 1,
      "value": "0"
    },
    {
      "filePath": "\/Users\/maria\/Desktop\/Development\/iOS\/kidoz-ios-admob-adapter\/KidozAdmobAdapter\/KidozAdmobAdapter\/KidozAdmobAdapter.swift",
      "kind": "StringLiteral",
      "offset": 5894,
      "length": 7,
      "value": "\"Kidoz\""
    },
    {
      "filePath": "\/Users\/maria\/Desktop\/Development\/iOS\/kidoz-ios-admob-adapter\/KidozAdmobAdapter\/KidozAdmobAdapter\/KidozAdmobAdapter.swift",
      "kind": "StringLiteral",
      "offset": 6418,
      "length": 19,
      "value": "\"SDK onInitSuccess\""
    },
    {
      "filePath": "\/Users\/maria\/Desktop\/Development\/iOS\/kidoz-ios-admob-adapter\/KidozAdmobAdapter\/KidozAdmobAdapter\/KidozAdmobAdapter.swift",
      "kind": "StringLiteral",
      "offset": 6597,
      "length": 26,
      "value": "\"SDK onInitError \""
    },
    {
      "filePath": "\/Users\/maria\/Desktop\/Development\/iOS\/kidoz-ios-admob-adapter\/KidozAdmobAdapter\/KidozAdmobAdapter\/KidozAdmobAdapter.swift",
      "kind": "StringLiteral",
      "offset": 6622,
      "length": 2,
      "value": "\"\""
    },
    {
      "filePath": "\/Users\/maria\/Desktop\/Development\/iOS\/kidoz-ios-admob-adapter\/KidozAdmobAdapter\/KidozAdmobAdapter\/KidozAdmobAdapter.swift",
      "kind": "StringLiteral",
      "offset": 6674,
      "length": 7,
      "value": "\"Kidoz\""
    },
    {
      "filePath": "\/Users\/maria\/Desktop\/Development\/iOS\/kidoz-ios-admob-adapter\/KidozAdmobAdapter\/KidozAdmobAdapter\/KidozAdmobAdapter.swift",
      "kind": "IntegerLiteral",
      "offset": 6689,
      "length": 1,
      "value": "1"
    },
    {
      "filePath": "\/Users\/maria\/Desktop\/Development\/iOS\/kidoz-ios-admob-adapter\/KidozAdmobAdapter\/KidozAdmobAdapter\/KidozAdmobAdapter.swift",
      "kind": "StringLiteral",
      "offset": 6026,
      "length": 14,
      "value": "\"KidozAdmobAdapter.SDKInitHandler\""
    },
    {
      "filePath": "\/Users\/maria\/Desktop\/Development\/iOS\/kidoz-ios-admob-adapter\/KidozAdmobAdapter\/KidozAdmobAdapter\/RewardedLifecycleHandler.swift",
      "kind": "StringLiteral",
      "offset": 843,
      "length": 6,
      "value": "\"init\""
    },
    {
      "filePath": "\/Users\/maria\/Desktop\/Development\/iOS\/kidoz-ios-admob-adapter\/KidozAdmobAdapter\/KidozAdmobAdapter\/RewardedLifecycleHandler.swift",
      "kind": "StringLiteral",
      "offset": 1046,
      "length": 19,
      "value": "\"SDK onInitSuccess\""
    },
    {
      "filePath": "\/Users\/maria\/Desktop\/Development\/iOS\/kidoz-ios-admob-adapter\/KidozAdmobAdapter\/KidozAdmobAdapter\/RewardedLifecycleHandler.swift",
      "kind": "IntegerLiteral",
      "offset": 1205,
      "length": 1,
      "value": "1"
    },
    {
      "filePath": "\/Users\/maria\/Desktop\/Development\/iOS\/kidoz-ios-admob-adapter\/KidozAdmobAdapter\/KidozAdmobAdapter\/RewardedLifecycleHandler.swift",
      "kind": "StringLiteral",
      "offset": 1217,
      "length": 26,
      "value": "\"SDK onInitError \""
    },
    {
      "filePath": "\/Users\/maria\/Desktop\/Development\/iOS\/kidoz-ios-admob-adapter\/KidozAdmobAdapter\/KidozAdmobAdapter\/RewardedLifecycleHandler.swift",
      "kind": "StringLiteral",
      "offset": 1242,
      "length": 3,
      "value": "\"\""
    },
    {
      "filePath": "\/Users\/maria\/Desktop\/Development\/iOS\/kidoz-ios-admob-adapter\/KidozAdmobAdapter\/KidozAdmobAdapter\/RewardedLifecycleHandler.swift",
      "kind": "StringLiteral",
      "offset": 1329,
      "length": 8,
      "value": "\"loadAd\""
    },
    {
      "filePath": "\/Users\/maria\/Desktop\/Development\/iOS\/kidoz-ios-admob-adapter\/KidozAdmobAdapter\/KidozAdmobAdapter\/RewardedLifecycleHandler.swift",
      "kind": "StringLiteral",
      "offset": 1498,
      "length": 20,
      "value": "\"onRewardedAdLoaded\""
    },
    {
      "filePath": "\/Users\/maria\/Desktop\/Development\/iOS\/kidoz-ios-admob-adapter\/KidozAdmobAdapter\/KidozAdmobAdapter\/RewardedLifecycleHandler.swift",
      "kind": "StringLiteral",
      "offset": 1756,
      "length": 44,
      "value": "\"onRewardedAdFailedToLoad::\""
    },
    {
      "filePath": "\/Users\/maria\/Desktop\/Development\/iOS\/kidoz-ios-admob-adapter\/KidozAdmobAdapter\/KidozAdmobAdapter\/RewardedLifecycleHandler.swift",
      "kind": "StringLiteral",
      "offset": 1799,
      "length": 2,
      "value": "\"\""
    },
    {
      "filePath": "\/Users\/maria\/Desktop\/Development\/iOS\/kidoz-ios-admob-adapter\/KidozAdmobAdapter\/KidozAdmobAdapter\/RewardedLifecycleHandler.swift",
      "kind": "StringLiteral",
      "offset": 2048,
      "length": 19,
      "value": "\"onRewardedAdShown\""
    },
    {
      "filePath": "\/Users\/maria\/Desktop\/Development\/iOS\/kidoz-ios-admob-adapter\/KidozAdmobAdapter\/KidozAdmobAdapter\/RewardedLifecycleHandler.swift",
      "kind": "StringLiteral",
      "offset": 2270,
      "length": 44,
      "value": "\"onRewardedAdFailedToShow::\""
    },
    {
      "filePath": "\/Users\/maria\/Desktop\/Development\/iOS\/kidoz-ios-admob-adapter\/KidozAdmobAdapter\/KidozAdmobAdapter\/RewardedLifecycleHandler.swift",
      "kind": "StringLiteral",
      "offset": 2313,
      "length": 2,
      "value": "\"\""
    },
    {
      "filePath": "\/Users\/maria\/Desktop\/Development\/iOS\/kidoz-ios-admob-adapter\/KidozAdmobAdapter\/KidozAdmobAdapter\/RewardedLifecycleHandler.swift",
      "kind": "StringLiteral",
      "offset": 2598,
      "length": 18,
      "value": "\"onRewardReceived\""
    },
    {
      "filePath": "\/Users\/maria\/Desktop\/Development\/iOS\/kidoz-ios-admob-adapter\/KidozAdmobAdapter\/KidozAdmobAdapter\/RewardedLifecycleHandler.swift",
      "kind": "StringLiteral",
      "offset": 2767,
      "length": 20,
      "value": "\"onRewardedAdClosed\""
    },
    {
      "filePath": "\/Users\/maria\/Desktop\/Development\/iOS\/kidoz-ios-admob-adapter\/KidozAdmobAdapter\/KidozAdmobAdapter\/RewardedLifecycleHandler.swift",
      "kind": "StringLiteral",
      "offset": 2956,
      "length": 9,
      "value": "\"present\""
    },
    {
      "filePath": "\/Users\/maria\/Desktop\/Development\/iOS\/kidoz-ios-admob-adapter\/KidozAdmobAdapter\/KidozAdmobAdapter\/RewardedLifecycleHandler.swift",
      "kind": "StringLiteral",
      "offset": 233,
      "length": 24,
      "value": "\"KidozAdmobAdapter.RewardedLifecycleHandler\""
    },
    {
      "filePath": "\/Users\/maria\/Desktop\/Development\/iOS\/kidoz-ios-admob-adapter\/KidozAdmobAdapter\/KidozAdmobAdapter\/InterstitialLifecycleHandler.swift",
      "kind": "StringLiteral",
      "offset": 893,
      "length": 6,
      "value": "\"init\""
    },
    {
      "filePath": "\/Users\/maria\/Desktop\/Development\/iOS\/kidoz-ios-admob-adapter\/KidozAdmobAdapter\/KidozAdmobAdapter\/InterstitialLifecycleHandler.swift",
      "kind": "StringLiteral",
      "offset": 1099,
      "length": 19,
      "value": "\"SDK onInitSuccess\""
    },
    {
      "filePath": "\/Users\/maria\/Desktop\/Development\/iOS\/kidoz-ios-admob-adapter\/KidozAdmobAdapter\/KidozAdmobAdapter\/InterstitialLifecycleHandler.swift",
      "kind": "IntegerLiteral",
      "offset": 1262,
      "length": 1,
      "value": "1"
    },
    {
      "filePath": "\/Users\/maria\/Desktop\/Development\/iOS\/kidoz-ios-admob-adapter\/KidozAdmobAdapter\/KidozAdmobAdapter\/InterstitialLifecycleHandler.swift",
      "kind": "StringLiteral",
      "offset": 1274,
      "length": 26,
      "value": "\"SDK onInitError \""
    },
    {
      "filePath": "\/Users\/maria\/Desktop\/Development\/iOS\/kidoz-ios-admob-adapter\/KidozAdmobAdapter\/KidozAdmobAdapter\/InterstitialLifecycleHandler.swift",
      "kind": "StringLiteral",
      "offset": 1299,
      "length": 3,
      "value": "\"\""
    },
    {
      "filePath": "\/Users\/maria\/Desktop\/Development\/iOS\/kidoz-ios-admob-adapter\/KidozAdmobAdapter\/KidozAdmobAdapter\/InterstitialLifecycleHandler.swift",
      "kind": "StringLiteral",
      "offset": 1389,
      "length": 8,
      "value": "\"loadAd\""
    },
    {
      "filePath": "\/Users\/maria\/Desktop\/Development\/iOS\/kidoz-ios-admob-adapter\/KidozAdmobAdapter\/KidozAdmobAdapter\/InterstitialLifecycleHandler.swift",
      "kind": "StringLiteral",
      "offset": 1573,
      "length": 24,
      "value": "\"onInterstitialAdLoaded\""
    },
    {
      "filePath": "\/Users\/maria\/Desktop\/Development\/iOS\/kidoz-ios-admob-adapter\/KidozAdmobAdapter\/KidozAdmobAdapter\/InterstitialLifecycleHandler.swift",
      "kind": "StringLiteral",
      "offset": 1842,
      "length": 48,
      "value": "\"onInterstitialAdFailedToLoad::\""
    },
    {
      "filePath": "\/Users\/maria\/Desktop\/Development\/iOS\/kidoz-ios-admob-adapter\/KidozAdmobAdapter\/KidozAdmobAdapter\/InterstitialLifecycleHandler.swift",
      "kind": "StringLiteral",
      "offset": 1889,
      "length": 2,
      "value": "\"\""
    },
    {
      "filePath": "\/Users\/maria\/Desktop\/Development\/iOS\/kidoz-ios-admob-adapter\/KidozAdmobAdapter\/KidozAdmobAdapter\/InterstitialLifecycleHandler.swift",
      "kind": "StringLiteral",
      "offset": 2150,
      "length": 19,
      "value": "\"onRewardedAdShown\""
    },
    {
      "filePath": "\/Users\/maria\/Desktop\/Development\/iOS\/kidoz-ios-admob-adapter\/KidozAdmobAdapter\/KidozAdmobAdapter\/InterstitialLifecycleHandler.swift",
      "kind": "StringLiteral",
      "offset": 2380,
      "length": 48,
      "value": "\"onInterstitialAdFailedToShow::\""
    },
    {
      "filePath": "\/Users\/maria\/Desktop\/Development\/iOS\/kidoz-ios-admob-adapter\/KidozAdmobAdapter\/KidozAdmobAdapter\/InterstitialLifecycleHandler.swift",
      "kind": "StringLiteral",
      "offset": 2427,
      "length": 2,
      "value": "\"\""
    },
    {
      "filePath": "\/Users\/maria\/Desktop\/Development\/iOS\/kidoz-ios-admob-adapter\/KidozAdmobAdapter\/KidozAdmobAdapter\/InterstitialLifecycleHandler.swift",
      "kind": "StringLiteral",
      "offset": 2730,
      "length": 24,
      "value": "\"onInterstitialAdClosed\""
    },
    {
      "filePath": "\/Users\/maria\/Desktop\/Development\/iOS\/kidoz-ios-admob-adapter\/KidozAdmobAdapter\/KidozAdmobAdapter\/InterstitialLifecycleHandler.swift",
      "kind": "StringLiteral",
      "offset": 2927,
      "length": 9,
      "value": "\"present\""
    },
    {
      "filePath": "\/Users\/maria\/Desktop\/Development\/iOS\/kidoz-ios-admob-adapter\/KidozAdmobAdapter\/KidozAdmobAdapter\/InterstitialLifecycleHandler.swift",
      "kind": "StringLiteral",
      "offset": 241,
      "length": 28,
      "value": "\"KidozAdmobAdapter.InterstitialLifecycleHandler\""
    },
    {
      "filePath": "\/Users\/maria\/Desktop\/Development\/iOS\/kidoz-ios-admob-adapter\/KidozAdmobAdapter\/KidozAdmobAdapter\/BannerLifecycleHandler.swift",
      "kind": "StringLiteral",
      "offset": 887,
      "length": 6,
      "value": "\"init\""
    },
    {
      "filePath": "\/Users\/maria\/Desktop\/Development\/iOS\/kidoz-ios-admob-adapter\/KidozAdmobAdapter\/KidozAdmobAdapter\/BannerLifecycleHandler.swift",
      "kind": "StringLiteral",
      "offset": 1105,
      "length": 8,
      "value": "\"deinit\""
    },
    {
      "filePath": "\/Users\/maria\/Desktop\/Development\/iOS\/kidoz-ios-admob-adapter\/KidozAdmobAdapter\/KidozAdmobAdapter\/BannerLifecycleHandler.swift",
      "kind": "StringLiteral",
      "offset": 1298,
      "length": 19,
      "value": "\"SDK onInitSuccess\""
    },
    {
      "filePath": "\/Users\/maria\/Desktop\/Development\/iOS\/kidoz-ios-admob-adapter\/KidozAdmobAdapter\/KidozAdmobAdapter\/BannerLifecycleHandler.swift",
      "kind": "IntegerLiteral",
      "offset": 1455,
      "length": 1,
      "value": "1"
    },
    {
      "filePath": "\/Users\/maria\/Desktop\/Development\/iOS\/kidoz-ios-admob-adapter\/KidozAdmobAdapter\/KidozAdmobAdapter\/BannerLifecycleHandler.swift",
      "kind": "StringLiteral",
      "offset": 1467,
      "length": 26,
      "value": "\"SDK onInitError \""
    },
    {
      "filePath": "\/Users\/maria\/Desktop\/Development\/iOS\/kidoz-ios-admob-adapter\/KidozAdmobAdapter\/KidozAdmobAdapter\/BannerLifecycleHandler.swift",
      "kind": "StringLiteral",
      "offset": 1492,
      "length": 3,
      "value": "\"\""
    },
    {
      "filePath": "\/Users\/maria\/Desktop\/Development\/iOS\/kidoz-ios-admob-adapter\/KidozAdmobAdapter\/KidozAdmobAdapter\/BannerLifecycleHandler.swift",
      "kind": "StringLiteral",
      "offset": 1584,
      "length": 8,
      "value": "\"loadAd\""
    },
    {
      "filePath": "\/Users\/maria\/Desktop\/Development\/iOS\/kidoz-ios-admob-adapter\/KidozAdmobAdapter\/KidozAdmobAdapter\/BannerLifecycleHandler.swift",
      "kind": "BooleanLiteral",
      "offset": 1627,
      "length": 5,
      "value": "false"
    },
    {
      "filePath": "\/Users\/maria\/Desktop\/Development\/iOS\/kidoz-ios-admob-adapter\/KidozAdmobAdapter\/KidozAdmobAdapter\/BannerLifecycleHandler.swift",
      "kind": "StringLiteral",
      "offset": 1787,
      "length": 18,
      "value": "\"onBannerAdLoaded\""
    },
    {
      "filePath": "\/Users\/maria\/Desktop\/Development\/iOS\/kidoz-ios-admob-adapter\/KidozAdmobAdapter\/KidozAdmobAdapter\/BannerLifecycleHandler.swift",
      "kind": "StringLiteral",
      "offset": 1948,
      "length": 41,
      "value": "\"onBannerAdFailedToLoad \""
    },
    {
      "filePath": "\/Users\/maria\/Desktop\/Development\/iOS\/kidoz-ios-admob-adapter\/KidozAdmobAdapter\/KidozAdmobAdapter\/BannerLifecycleHandler.swift",
      "kind": "StringLiteral",
      "offset": 1988,
      "length": 2,
      "value": "\"\""
    },
    {
      "filePath": "\/Users\/maria\/Desktop\/Development\/iOS\/kidoz-ios-admob-adapter\/KidozAdmobAdapter\/KidozAdmobAdapter\/BannerLifecycleHandler.swift",
      "kind": "StringLiteral",
      "offset": 2229,
      "length": 17,
      "value": "\"onBannerAdShown\""
    },
    {
      "filePath": "\/Users\/maria\/Desktop\/Development\/iOS\/kidoz-ios-admob-adapter\/KidozAdmobAdapter\/KidozAdmobAdapter\/BannerLifecycleHandler.swift",
      "kind": "StringLiteral",
      "offset": 2459,
      "length": 41,
      "value": "\"onBannerAdFailedToShow \""
    },
    {
      "filePath": "\/Users\/maria\/Desktop\/Development\/iOS\/kidoz-ios-admob-adapter\/KidozAdmobAdapter\/KidozAdmobAdapter\/BannerLifecycleHandler.swift",
      "kind": "StringLiteral",
      "offset": 2499,
      "length": 2,
      "value": "\"\""
    },
    {
      "filePath": "\/Users\/maria\/Desktop\/Development\/iOS\/kidoz-ios-admob-adapter\/KidozAdmobAdapter\/KidozAdmobAdapter\/BannerLifecycleHandler.swift",
      "kind": "StringLiteral",
      "offset": 2834,
      "length": 18,
      "value": "\"onBannerAdClosed\""
    },
    {
      "filePath": "\/Users\/maria\/Desktop\/Development\/iOS\/kidoz-ios-admob-adapter\/KidozAdmobAdapter\/KidozAdmobAdapter\/BannerLifecycleHandler.swift",
      "kind": "StringLiteral",
      "offset": 229,
      "length": 22,
      "value": "\"KidozAdmobAdapter.BannerLifecycleHandler\""
    }
  ]
}