{
  "ABIRoot": {
    "kind": "Root",
    "name": "TopLevel",
    "printedName": "TopLevel",
    "children": [
      {
        "kind": "Import",
        "name": "Foundation",
        "printedName": "Foundation",
        "declKind": "Import",
        "moduleName": "KidozIronSourceAdapter",
        "declAttributes": [
          "RawDocComment"
        ]
      },
      {
        "kind": "Import",
        "name": "KidozSDK",
        "printedName": "KidozSDK",
        "declKind": "Import",
        "moduleName": "KidozIronSourceAdapter"
      },
      {
        "kind": "Import",
        "name": "IronSource",
        "printedName": "IronSource",
        "declKind": "Import",
        "moduleName": "KidozIronSourceAdapter"
      },
      {
        "kind": "TypeDecl",
        "name": "ISKidozCustomAdapter",
        "printedName": "ISKidozCustomAdapter",
        "children": [
          {
            "kind": "Function",
            "name": "`init`",
            "printedName": "`init`(_:delegate:)",
            "children": [
              {
                "kind": "TypeNominal",
                "name": "Void",
                "printedName": "()"
              },
              {
                "kind": "TypeNominal",
                "name": "ImplicitlyUnwrappedOptional",
                "printedName": "IronSource.ISAdData?",
                "children": [
                  {
                    "kind": "TypeNominal",
                    "name": "ISAdData",
                    "printedName": "IronSource.ISAdData",
                    "usr": "c:objc(cs)ISAdData"
                  }
                ],
                "usr": "s:Sq"
              },
              {
                "kind": "TypeNominal",
                "name": "ImplicitlyUnwrappedOptional",
                "printedName": "IronSource.ISNetworkInitializationDelegate?",
                "children": [
                  {
                    "kind": "TypeNominal",
                    "name": "ISNetworkInitializationDelegate",
                    "printedName": "IronSource.ISNetworkInitializationDelegate",
                    "usr": "c:objc(pl)ISNetworkInitializationDelegate"
                  }
                ],
                "usr": "s:Sq"
              }
            ],
            "declKind": "Func",
            "usr": "c:@M@KidozIronSourceAdapter@objc(cs)ISKidozCustomAdapter(im)init:delegate:",
            "mangledName": "$s22KidozIronSourceAdapter013ISKidozCustomD0C4init_8delegateySo8ISAdDataCSg_So31ISNetworkInitializationDelegate_pSgtF",
            "moduleName": "KidozIronSourceAdapter",
            "overriding": true,
            "objc_name": "init:delegate:",
            "declAttributes": [
              "Dynamic",
              "ObjC",
              "Override",
              "AccessControl"
            ],
            "funcSelfKind": "NonMutating"
          },
          {
            "kind": "Function",
            "name": "initSDK",
            "printedName": "initSDK(adData:delegate:)",
            "children": [
              {
                "kind": "TypeNominal",
                "name": "Void",
                "printedName": "()"
              },
              {
                "kind": "TypeNominal",
                "name": "ImplicitlyUnwrappedOptional",
                "printedName": "IronSource.ISAdData?",
                "children": [
                  {
                    "kind": "TypeNominal",
                    "name": "ISAdData",
                    "printedName": "IronSource.ISAdData",
                    "usr": "c:objc(cs)ISAdData"
                  }
                ],
                "usr": "s:Sq"
              },
              {
                "kind": "TypeNominal",
                "name": "ImplicitlyUnwrappedOptional",
                "printedName": "IronSource.ISNetworkInitializationDelegate?",
                "children": [
                  {
                    "kind": "TypeNominal",
                    "name": "ISNetworkInitializationDelegate",
                    "printedName": "IronSource.ISNetworkInitializationDelegate",
                    "usr": "c:objc(pl)ISNetworkInitializationDelegate"
                  }
                ],
                "usr": "s:Sq"
              }
            ],
            "declKind": "Func",
            "usr": "s:22KidozIronSourceAdapter013ISKidozCustomD0C7initSDK6adData8delegateySo04ISAdJ0CSg_So31ISNetworkInitializationDelegate_pSgtF",
            "mangledName": "$s22KidozIronSourceAdapter013ISKidozCustomD0C7initSDK6adData8delegateySo04ISAdJ0CSg_So31ISNetworkInitializationDelegate_pSgtF",
            "moduleName": "KidozIronSourceAdapter",
            "declAttributes": [
              "AccessControl"
            ],
            "funcSelfKind": "NonMutating"
          },
          {
            "kind": "Function",
            "name": "onInitSuccess",
            "printedName": "onInitSuccess()",
            "children": [
              {
                "kind": "TypeNominal",
                "name": "Void",
                "printedName": "()"
              }
            ],
            "declKind": "Func",
            "usr": "c:@M@KidozIronSourceAdapter@objc(cs)ISKidozCustomAdapter(im)onInitSuccess",
            "mangledName": "$s22KidozIronSourceAdapter013ISKidozCustomD0C13onInitSuccessyyF",
            "moduleName": "KidozIronSourceAdapter",
            "objc_name": "onInitSuccess",
            "declAttributes": [
              "ObjC",
              "AccessControl"
            ],
            "funcSelfKind": "NonMutating"
          },
          {
            "kind": "Function",
            "name": "onInitError",
            "printedName": "onInitError(_:)",
            "children": [
              {
                "kind": "TypeNominal",
                "name": "Void",
                "printedName": "()"
              },
              {
                "kind": "TypeNominal",
                "name": "ImplicitlyUnwrappedOptional",
                "printedName": "Swift.String?",
                "children": [
                  {
                    "kind": "TypeNominal",
                    "name": "String",
                    "printedName": "Swift.String",
                    "usr": "s:SS"
                  }
                ],
                "usr": "s:Sq"
              }
            ],
            "declKind": "Func",
            "usr": "c:@M@KidozIronSourceAdapter@objc(cs)ISKidozCustomAdapter(im)onInitError:",
            "mangledName": "$s22KidozIronSourceAdapter013ISKidozCustomD0C11onInitErroryySSSgF",
            "moduleName": "KidozIronSourceAdapter",
            "objc_name": "onInitError:",
            "declAttributes": [
              "ObjC",
              "AccessControl"
            ],
            "funcSelfKind": "NonMutating"
          },
          {
            "kind": "Function",
            "name": "networkSDKVersion",
            "printedName": "networkSDKVersion()",
            "children": [
              {
                "kind": "TypeNominal",
                "name": "ImplicitlyUnwrappedOptional",
                "printedName": "Swift.String?",
                "children": [
                  {
                    "kind": "TypeNominal",
                    "name": "String",
                    "printedName": "Swift.String",
                    "usr": "s:SS"
                  }
                ],
                "usr": "s:Sq"
              }
            ],
            "declKind": "Func",
            "usr": "c:@M@KidozIronSourceAdapter@objc(cs)ISKidozCustomAdapter(im)networkSDKVersion",
            "mangledName": "$s22KidozIronSourceAdapter013ISKidozCustomD0C17networkSDKVersionSSSgyF",
            "moduleName": "KidozIronSourceAdapter",
            "overriding": true,
            "objc_name": "networkSDKVersion",
            "declAttributes": [
              "Dynamic",
              "ObjC",
              "Override",
              "AccessControl"
            ],
            "funcSelfKind": "NonMutating"
          },
          {
            "kind": "Function",
            "name": "adapterVersion",
            "printedName": "adapterVersion()",
            "children": [
              {
                "kind": "TypeNominal",
                "name": "ImplicitlyUnwrappedOptional",
                "printedName": "Swift.String?",
                "children": [
                  {
                    "kind": "TypeNominal",
                    "name": "String",
                    "printedName": "Swift.String",
                    "usr": "s:SS"
                  }
                ],
                "usr": "s:Sq"
              }
            ],
            "declKind": "Func",
            "usr": "c:@M@KidozIronSourceAdapter@objc(cs)ISKidozCustomAdapter(im)adapterVersion",
            "mangledName": "$s22KidozIronSourceAdapter013ISKidozCustomD0C14adapterVersionSSSgyF",
            "moduleName": "KidozIronSourceAdapter",
            "overriding": true,
            "objc_name": "adapterVersion",
            "declAttributes": [
              "Dynamic",
              "ObjC",
              "Override",
              "AccessControl"
            ],
            "funcSelfKind": "NonMutating"
          },
          {
            "kind": "Constructor",
            "name": "init",
            "printedName": "init()",
            "children": [
              {
                "kind": "TypeNominal",
                "name": "ISKidozCustomAdapter",
                "printedName": "KidozIronSourceAdapter.ISKidozCustomAdapter",
                "usr": "c:@M@KidozIronSourceAdapter@objc(cs)ISKidozCustomAdapter"
              }
            ],
            "declKind": "Constructor",
            "usr": "c:@M@KidozIronSourceAdapter@objc(cs)ISKidozCustomAdapter(im)init",
            "mangledName": "$s22KidozIronSourceAdapter013ISKidozCustomD0CACycfc",
            "moduleName": "KidozIronSourceAdapter",
            "overriding": true,
            "implicit": true,
            "objc_name": "init",
            "declAttributes": [
              "Dynamic",
              "ObjC",
              "Override"
            ],
            "init_kind": "Designated"
          }
        ],
        "declKind": "Class",
        "usr": "c:@M@KidozIronSourceAdapter@objc(cs)ISKidozCustomAdapter",
        "mangledName": "$s22KidozIronSourceAdapter013ISKidozCustomD0C",
        "moduleName": "KidozIronSourceAdapter",
        "objc_name": "ISKidozCustomAdapter",
        "declAttributes": [
          "AccessControl",
          "ObjC"
        ],
        "superclassUsr": "c:objc(cs)ISBaseNetworkAdapter",
        "inheritsConvenienceInitializers": true,
        "superclassNames": [
          "IronSource.ISBaseNetworkAdapter",
          "ObjectiveC.NSObject"
        ],
        "conformances": [
          {
            "kind": "Conformance",
            "name": "Equatable",
            "printedName": "Equatable",
            "usr": "s:SQ",
            "mangledName": "$sSQ"
          },
          {
            "kind": "Conformance",
            "name": "Hashable",
            "printedName": "Hashable",
            "usr": "s:SH",
            "mangledName": "$sSH"
          },
          {
            "kind": "Conformance",
            "name": "CVarArg",
            "printedName": "CVarArg",
            "usr": "s:s7CVarArgP",
            "mangledName": "$ss7CVarArgP"
          },
          {
            "kind": "Conformance",
            "name": "_KeyValueCodingAndObservingPublishing",
            "printedName": "_KeyValueCodingAndObservingPublishing",
            "usr": "s:10Foundation37_KeyValueCodingAndObservingPublishingP",
            "mangledName": "$s10Foundation37_KeyValueCodingAndObservingPublishingP"
          },
          {
            "kind": "Conformance",
            "name": "_KeyValueCodingAndObserving",
            "printedName": "_KeyValueCodingAndObserving",
            "usr": "s:10Foundation27_KeyValueCodingAndObservingP",
            "mangledName": "$s10Foundation27_KeyValueCodingAndObservingP"
          },
          {
            "kind": "Conformance",
            "name": "CustomStringConvertible",
            "printedName": "CustomStringConvertible",
            "usr": "s:s23CustomStringConvertibleP",
            "mangledName": "$ss23CustomStringConvertibleP"
          },
          {
            "kind": "Conformance",
            "name": "CustomDebugStringConvertible",
            "printedName": "CustomDebugStringConvertible",
            "usr": "s:s28CustomDebugStringConvertibleP",
            "mangledName": "$ss28CustomDebugStringConvertibleP"
          }
        ]
      },
      {
        "kind": "Import",
        "name": "Foundation",
        "printedName": "Foundation",
        "declKind": "Import",
        "moduleName": "KidozIronSourceAdapter",
        "declAttributes": [
          "RawDocComment"
        ]
      },
      {
        "kind": "Import",
        "name": "KidozSDK",
        "printedName": "KidozSDK",
        "declKind": "Import",
        "moduleName": "KidozIronSourceAdapter"
      },
      {
        "kind": "TypeDecl",
        "name": "KidozIronSourceSDKInfo",
        "printedName": "KidozIronSourceSDKInfo",
        "children": [
          {
            "kind": "Function",
            "name": "getSdkVersion",
            "printedName": "getSdkVersion()",
            "children": [
              {
                "kind": "TypeNominal",
                "name": "String",
                "printedName": "Swift.String",
                "usr": "s:SS"
              }
            ],
            "declKind": "Func",
            "usr": "s:22KidozIronSourceAdapter0abC7SDKInfoC13getSdkVersionSSyFZ",
            "mangledName": "$s22KidozIronSourceAdapter0abC7SDKInfoC13getSdkVersionSSyFZ",
            "moduleName": "KidozIronSourceAdapter",
            "static": true,
            "declAttributes": [
              "Final",
              "AccessControl"
            ],
            "funcSelfKind": "NonMutating"
          },
          {
            "kind": "Function",
            "name": "networkSDKVersion",
            "printedName": "networkSDKVersion()",
            "children": [
              {
                "kind": "TypeNominal",
                "name": "String",
                "printedName": "Swift.String",
                "usr": "s:SS"
              }
            ],
            "declKind": "Func",
            "usr": "s:22KidozIronSourceAdapter0abC7SDKInfoC17networkSDKVersionSSyFZ",
            "mangledName": "$s22KidozIronSourceAdapter0abC7SDKInfoC17networkSDKVersionSSyFZ",
            "moduleName": "KidozIronSourceAdapter",
            "static": true,
            "declAttributes": [
              "Final",
              "AccessControl"
            ],
            "funcSelfKind": "NonMutating"
          },
          {
            "kind": "Function",
            "name": "adapterSDKVersion",
            "printedName": "adapterSDKVersion()",
            "children": [
              {
                "kind": "TypeNominal",
                "name": "String",
                "printedName": "Swift.String",
                "usr": "s:SS"
              }
            ],
            "declKind": "Func",
            "usr": "s:22KidozIronSourceAdapter0abC7SDKInfoC17adapterSDKVersionSSyFZ",
            "mangledName": "$s22KidozIronSourceAdapter0abC7SDKInfoC17adapterSDKVersionSSyFZ",
            "moduleName": "KidozIronSourceAdapter",
            "static": true,
            "declAttributes": [
              "Final",
              "AccessControl"
            ],
            "funcSelfKind": "NonMutating"
          },
          {
            "kind": "Constructor",
            "name": "init",
            "printedName": "init()",
            "children": [
              {
                "kind": "TypeNominal",
                "name": "KidozIronSourceSDKInfo",
                "printedName": "KidozIronSourceAdapter.KidozIronSourceSDKInfo",
                "usr": "c:@M@KidozIronSourceAdapter@objc(cs)KidozIronSourceSDKInfo"
              }
            ],
            "declKind": "Constructor",
            "usr": "c:@M@KidozIronSourceAdapter@objc(cs)KidozIronSourceSDKInfo(im)init",
            "mangledName": "$s22KidozIronSourceAdapter0abC7SDKInfoCACycfc",
            "moduleName": "KidozIronSourceAdapter",
            "overriding": true,
            "implicit": true,
            "objc_name": "init",
            "declAttributes": [
              "Dynamic",
              "ObjC",
              "Override"
            ],
            "init_kind": "Designated"
          }
        ],
        "declKind": "Class",
        "usr": "c:@M@KidozIronSourceAdapter@objc(cs)KidozIronSourceSDKInfo",
        "mangledName": "$s22KidozIronSourceAdapter0abC7SDKInfoC",
        "moduleName": "KidozIronSourceAdapter",
        "objc_name": "KidozIronSourceSDKInfo",
        "declAttributes": [
          "AccessControl",
          "ObjC"
        ],
        "superclassUsr": "c:objc(cs)NSObject",
        "inheritsConvenienceInitializers": true,
        "superclassNames": [
          "ObjectiveC.NSObject"
        ],
        "conformances": [
          {
            "kind": "Conformance",
            "name": "Equatable",
            "printedName": "Equatable",
            "usr": "s:SQ",
            "mangledName": "$sSQ"
          },
          {
            "kind": "Conformance",
            "name": "Hashable",
            "printedName": "Hashable",
            "usr": "s:SH",
            "mangledName": "$sSH"
          },
          {
            "kind": "Conformance",
            "name": "CVarArg",
            "printedName": "CVarArg",
            "usr": "s:s7CVarArgP",
            "mangledName": "$ss7CVarArgP"
          },
          {
            "kind": "Conformance",
            "name": "_KeyValueCodingAndObservingPublishing",
            "printedName": "_KeyValueCodingAndObservingPublishing",
            "usr": "s:10Foundation37_KeyValueCodingAndObservingPublishingP",
            "mangledName": "$s10Foundation37_KeyValueCodingAndObservingPublishingP"
          },
          {
            "kind": "Conformance",
            "name": "_KeyValueCodingAndObserving",
            "printedName": "_KeyValueCodingAndObserving",
            "usr": "s:10Foundation27_KeyValueCodingAndObservingP",
            "mangledName": "$s10Foundation27_KeyValueCodingAndObservingP"
          },
          {
            "kind": "Conformance",
            "name": "CustomStringConvertible",
            "printedName": "CustomStringConvertible",
            "usr": "s:s23CustomStringConvertibleP",
            "mangledName": "$ss23CustomStringConvertibleP"
          },
          {
            "kind": "Conformance",
            "name": "CustomDebugStringConvertible",
            "printedName": "CustomDebugStringConvertible",
            "usr": "s:s28CustomDebugStringConvertibleP",
            "mangledName": "$ss28CustomDebugStringConvertibleP"
          }
        ]
      },
      {
        "kind": "Import",
        "name": "Foundation",
        "printedName": "Foundation",
        "declKind": "Import",
        "moduleName": "KidozIronSourceAdapter",
        "declAttributes": [
          "RawDocComment"
        ]
      },
      {
        "kind": "Import",
        "name": "KidozSDK",
        "printedName": "KidozSDK",
        "declKind": "Import",
        "moduleName": "KidozIronSourceAdapter"
      },
      {
        "kind": "Import",
        "name": "IronSource",
        "printedName": "IronSource",
        "declKind": "Import",
        "moduleName": "KidozIronSourceAdapter"
      },
      {
        "kind": "TypeDecl",
        "name": "ISKidozCustomRewardedVideo",
        "printedName": "ISKidozCustomRewardedVideo",
        "children": [
          {
            "kind": "Function",
            "name": "loadAd",
            "printedName": "loadAd(with:delegate:)",
            "children": [
              {
                "kind": "TypeNominal",
                "name": "Void",
                "printedName": "()"
              },
              {
                "kind": "TypeNominal",
                "name": "ISAdData",
                "printedName": "IronSource.ISAdData",
                "usr": "c:objc(cs)ISAdData"
              },
              {
                "kind": "TypeNominal",
                "name": "ISRewardedVideoAdDelegate",
                "printedName": "IronSource.ISRewardedVideoAdDelegate",
                "usr": "c:objc(pl)ISRewardedVideoAdDelegate"
              }
            ],
            "declKind": "Func",
            "usr": "c:@M@KidozIronSourceAdapter@objc(cs)ISKidozCustomRewardedVideo(im)loadAdWithAdData:delegate:",
            "mangledName": "$s22KidozIronSourceAdapter26ISKidozCustomRewardedVideoC6loadAd4with8delegateySo8ISAdDataC_So010ISRewardedhJ8Delegate_ptF",
            "moduleName": "KidozIronSourceAdapter",
            "overriding": true,
            "objc_name": "loadAdWithAdData:delegate:",
            "declAttributes": [
              "Dynamic",
              "ObjC",
              "Override",
              "AccessControl"
            ],
            "funcSelfKind": "NonMutating"
          },
          {
            "kind": "Function",
            "name": "showAd",
            "printedName": "showAd(with:adData:delegate:)",
            "children": [
              {
                "kind": "TypeNominal",
                "name": "Void",
                "printedName": "()"
              },
              {
                "kind": "TypeNominal",
                "name": "UIViewController",
                "printedName": "UIKit.UIViewController",
                "usr": "c:objc(cs)UIViewController"
              },
              {
                "kind": "TypeNominal",
                "name": "ISAdData",
                "printedName": "IronSource.ISAdData",
                "usr": "c:objc(cs)ISAdData"
              },
              {
                "kind": "TypeNominal",
                "name": "ISRewardedVideoAdDelegate",
                "printedName": "IronSource.ISRewardedVideoAdDelegate",
                "usr": "c:objc(pl)ISRewardedVideoAdDelegate"
              }
            ],
            "declKind": "Func",
            "usr": "c:@M@KidozIronSourceAdapter@objc(cs)ISKidozCustomRewardedVideo(im)showAdWithViewController:adData:delegate:",
            "mangledName": "$s22KidozIronSourceAdapter26ISKidozCustomRewardedVideoC6showAd4with6adData8delegateySo16UIViewControllerC_So04ISAdM0CSo010ISRewardedhJ8Delegate_ptF",
            "moduleName": "KidozIronSourceAdapter",
            "overriding": true,
            "objc_name": "showAdWithViewController:adData:delegate:",
            "declAttributes": [
              "Dynamic",
              "ObjC",
              "Override",
              "AccessControl"
            ],
            "funcSelfKind": "NonMutating"
          },
          {
            "kind": "Function",
            "name": "isAdAvailable",
            "printedName": "isAdAvailable(with:)",
            "children": [
              {
                "kind": "TypeNominal",
                "name": "Bool",
                "printedName": "Swift.Bool",
                "usr": "s:Sb"
              },
              {
                "kind": "TypeNominal",
                "name": "ISAdData",
                "printedName": "IronSource.ISAdData",
                "usr": "c:objc(cs)ISAdData"
              }
            ],
            "declKind": "Func",
            "usr": "c:@M@KidozIronSourceAdapter@objc(cs)ISKidozCustomRewardedVideo(im)isAdAvailableWithAdData:",
            "mangledName": "$s22KidozIronSourceAdapter26ISKidozCustomRewardedVideoC13isAdAvailable4withSbSo8ISAdDataC_tF",
            "moduleName": "KidozIronSourceAdapter",
            "overriding": true,
            "objc_name": "isAdAvailableWithAdData:",
            "declAttributes": [
              "Dynamic",
              "ObjC",
              "Override",
              "AccessControl"
            ],
            "funcSelfKind": "NonMutating"
          },
          {
            "kind": "Function",
            "name": "onRewardedAdLoaded",
            "printedName": "onRewardedAdLoaded(ad:)",
            "children": [
              {
                "kind": "TypeNominal",
                "name": "Void",
                "printedName": "()"
              },
              {
                "kind": "TypeNominal",
                "name": "KidozRewardedAd",
                "printedName": "KidozSDK.KidozRewardedAd",
                "usr": "c:@M@KidozSDK@objc(cs)KidozRewardedAd"
              }
            ],
            "declKind": "Func",
            "usr": "c:@M@KidozIronSourceAdapter@objc(cs)ISKidozCustomRewardedVideo(im)onRewardedAdLoadedWithAd:",
            "mangledName": "$s22KidozIronSourceAdapter26ISKidozCustomRewardedVideoC02onG8AdLoaded2ady0A3SDK0agJ0C_tF",
            "moduleName": "KidozIronSourceAdapter",
            "objc_name": "onRewardedAdLoadedWithAd:",
            "declAttributes": [
              "ObjC",
              "AccessControl"
            ],
            "funcSelfKind": "NonMutating"
          },
          {
            "kind": "Function",
            "name": "onRewardedAdFailedToLoad",
            "printedName": "onRewardedAdFailedToLoad(error:)",
            "children": [
              {
                "kind": "TypeNominal",
                "name": "Void",
                "printedName": "()"
              },
              {
                "kind": "TypeNominal",
                "name": "KidozError",
                "printedName": "KidozSDK.KidozError",
                "usr": "c:@M@KidozSDK@objc(cs)KidozError"
              }
            ],
            "declKind": "Func",
            "usr": "c:@M@KidozIronSourceAdapter@objc(cs)ISKidozCustomRewardedVideo(im)onRewardedAdFailedToLoadWithError:",
            "mangledName": "$s22KidozIronSourceAdapter26ISKidozCustomRewardedVideoC02onG14AdFailedToLoad5errory0A3SDK0A5ErrorC_tF",
            "moduleName": "KidozIronSourceAdapter",
            "objc_name": "onRewardedAdFailedToLoadWithError:",
            "declAttributes": [
              "ObjC",
              "AccessControl"
            ],
            "funcSelfKind": "NonMutating"
          },
          {
            "kind": "Function",
            "name": "onRewardedAdShown",
            "printedName": "onRewardedAdShown(ad:)",
            "children": [
              {
                "kind": "TypeNominal",
                "name": "Void",
                "printedName": "()"
              },
              {
                "kind": "TypeNominal",
                "name": "KidozRewardedAd",
                "printedName": "KidozSDK.KidozRewardedAd",
                "usr": "c:@M@KidozSDK@objc(cs)KidozRewardedAd"
              }
            ],
            "declKind": "Func",
            "usr": "c:@M@KidozIronSourceAdapter@objc(cs)ISKidozCustomRewardedVideo(im)onRewardedAdShownWithAd:",
            "mangledName": "$s22KidozIronSourceAdapter26ISKidozCustomRewardedVideoC02onG7AdShown2ady0A3SDK0agJ0C_tF",
            "moduleName": "KidozIronSourceAdapter",
            "objc_name": "onRewardedAdShownWithAd:",
            "declAttributes": [
              "ObjC",
              "AccessControl"
            ],
            "funcSelfKind": "NonMutating"
          },
          {
            "kind": "Function",
            "name": "onRewardedAdFailedToShow",
            "printedName": "onRewardedAdFailedToShow(error:)",
            "children": [
              {
                "kind": "TypeNominal",
                "name": "Void",
                "printedName": "()"
              },
              {
                "kind": "TypeNominal",
                "name": "KidozError",
                "printedName": "KidozSDK.KidozError",
                "usr": "c:@M@KidozSDK@objc(cs)KidozError"
              }
            ],
            "declKind": "Func",
            "usr": "c:@M@KidozIronSourceAdapter@objc(cs)ISKidozCustomRewardedVideo(im)onRewardedAdFailedToShowWithError:",
            "mangledName": "$s22KidozIronSourceAdapter26ISKidozCustomRewardedVideoC02onG14AdFailedToShow5errory0A3SDK0A5ErrorC_tF",
            "moduleName": "KidozIronSourceAdapter",
            "objc_name": "onRewardedAdFailedToShowWithError:",
            "declAttributes": [
              "ObjC",
              "AccessControl"
            ],
            "funcSelfKind": "NonMutating"
          },
          {
            "kind": "Function",
            "name": "onRewardedImpression",
            "printedName": "onRewardedImpression()",
            "children": [
              {
                "kind": "TypeNominal",
                "name": "Void",
                "printedName": "()"
              }
            ],
            "declKind": "Func",
            "usr": "c:@M@KidozIronSourceAdapter@objc(cs)ISKidozCustomRewardedVideo(im)onRewardedImpression",
            "mangledName": "$s22KidozIronSourceAdapter26ISKidozCustomRewardedVideoC02onG10ImpressionyyF",
            "moduleName": "KidozIronSourceAdapter",
            "objc_name": "onRewardedImpression",
            "declAttributes": [
              "ObjC",
              "AccessControl"
            ],
            "funcSelfKind": "NonMutating"
          },
          {
            "kind": "Function",
            "name": "onRewardReceived",
            "printedName": "onRewardReceived(ad:)",
            "children": [
              {
                "kind": "TypeNominal",
                "name": "Void",
                "printedName": "()"
              },
              {
                "kind": "TypeNominal",
                "name": "KidozRewardedAd",
                "printedName": "KidozSDK.KidozRewardedAd",
                "usr": "c:@M@KidozSDK@objc(cs)KidozRewardedAd"
              }
            ],
            "declKind": "Func",
            "usr": "c:@M@KidozIronSourceAdapter@objc(cs)ISKidozCustomRewardedVideo(im)onRewardReceivedWithAd:",
            "mangledName": "$s22KidozIronSourceAdapter26ISKidozCustomRewardedVideoC16onRewardReceived2ady0A3SDK0aG2AdC_tF",
            "moduleName": "KidozIronSourceAdapter",
            "objc_name": "onRewardReceivedWithAd:",
            "declAttributes": [
              "ObjC",
              "AccessControl"
            ],
            "funcSelfKind": "NonMutating"
          },
          {
            "kind": "Function",
            "name": "onRewardedAdClosed",
            "printedName": "onRewardedAdClosed(ad:)",
            "children": [
              {
                "kind": "TypeNominal",
                "name": "Void",
                "printedName": "()"
              },
              {
                "kind": "TypeNominal",
                "name": "KidozRewardedAd",
                "printedName": "KidozSDK.KidozRewardedAd",
                "usr": "c:@M@KidozSDK@objc(cs)KidozRewardedAd"
              }
            ],
            "declKind": "Func",
            "usr": "c:@M@KidozIronSourceAdapter@objc(cs)ISKidozCustomRewardedVideo(im)onRewardedAdClosedWithAd:",
            "mangledName": "$s22KidozIronSourceAdapter26ISKidozCustomRewardedVideoC02onG8AdClosed2ady0A3SDK0agJ0C_tF",
            "moduleName": "KidozIronSourceAdapter",
            "objc_name": "onRewardedAdClosedWithAd:",
            "declAttributes": [
              "ObjC",
              "AccessControl"
            ],
            "funcSelfKind": "NonMutating"
          },
          {
            "kind": "Constructor",
            "name": "init",
            "printedName": "init(_:)",
            "children": [
              {
                "kind": "TypeNominal",
                "name": "ISKidozCustomRewardedVideo",
                "printedName": "KidozIronSourceAdapter.ISKidozCustomRewardedVideo",
                "usr": "c:@M@KidozIronSourceAdapter@objc(cs)ISKidozCustomRewardedVideo"
              },
              {
                "kind": "TypeNominal",
                "name": "ISAdapterConfig",
                "printedName": "IronSource.ISAdapterConfig",
                "usr": "c:objc(cs)ISAdapterConfig"
              }
            ],
            "declKind": "Constructor",
            "usr": "c:@M@KidozIronSourceAdapter@objc(cs)ISKidozCustomRewardedVideo(im)init:",
            "mangledName": "$s22KidozIronSourceAdapter26ISKidozCustomRewardedVideoCyACSo15ISAdapterConfigCcfc",
            "moduleName": "KidozIronSourceAdapter",
            "overriding": true,
            "implicit": true,
            "objc_name": "init:",
            "declAttributes": [
              "Dynamic",
              "ObjC",
              "Override"
            ],
            "init_kind": "Designated"
          },
          {
            "kind": "Constructor",
            "name": "init",
            "printedName": "init(adUnit:adapterConfig:)",
            "children": [
              {
                "kind": "TypeNominal",
                "name": "ISKidozCustomRewardedVideo",
                "printedName": "KidozIronSourceAdapter.ISKidozCustomRewardedVideo",
                "usr": "c:@M@KidozIronSourceAdapter@objc(cs)ISKidozCustomRewardedVideo"
              },
              {
                "kind": "TypeNominal",
                "name": "ISAdUnit",
                "printedName": "IronSource.ISAdUnit",
                "usr": "c:objc(cs)ISAdUnit"
              },
              {
                "kind": "TypeNominal",
                "name": "ISAdapterConfig",
                "printedName": "IronSource.ISAdapterConfig",
                "usr": "c:objc(cs)ISAdapterConfig"
              }
            ],
            "declKind": "Constructor",
            "usr": "c:@M@KidozIronSourceAdapter@objc(cs)ISKidozCustomRewardedVideo(im)initWithAdUnit:adapterConfig:",
            "mangledName": "$s22KidozIronSourceAdapter26ISKidozCustomRewardedVideoC6adUnit13adapterConfigACSo04ISAdJ0C_So09ISAdapterL0Ctcfc",
            "moduleName": "KidozIronSourceAdapter",
            "overriding": true,
            "implicit": true,
            "objc_name": "initWithAdUnit:adapterConfig:",
            "declAttributes": [
              "Dynamic",
              "ObjC",
              "Override"
            ],
            "init_kind": "Designated"
          },
          {
            "kind": "Constructor",
            "name": "init",
            "printedName": "init()",
            "children": [
              {
                "kind": "TypeNominal",
                "name": "ISKidozCustomRewardedVideo",
                "printedName": "KidozIronSourceAdapter.ISKidozCustomRewardedVideo",
                "usr": "c:@M@KidozIronSourceAdapter@objc(cs)ISKidozCustomRewardedVideo"
              }
            ],
            "declKind": "Constructor",
            "usr": "c:@M@KidozIronSourceAdapter@objc(cs)ISKidozCustomRewardedVideo(im)init",
            "mangledName": "$s22KidozIronSourceAdapter26ISKidozCustomRewardedVideoCACycfc",
            "moduleName": "KidozIronSourceAdapter",
            "overriding": true,
            "implicit": true,
            "objc_name": "init",
            "declAttributes": [
              "Dynamic",
              "ObjC",
              "Override"
            ],
            "init_kind": "Designated"
          }
        ],
        "declKind": "Class",
        "usr": "c:@M@KidozIronSourceAdapter@objc(cs)ISKidozCustomRewardedVideo",
        "mangledName": "$s22KidozIronSourceAdapter26ISKidozCustomRewardedVideoC",
        "moduleName": "KidozIronSourceAdapter",
        "objc_name": "ISKidozCustomRewardedVideo",
        "declAttributes": [
          "AccessControl",
          "ObjC"
        ],
        "superclassUsr": "c:objc(cs)ISBaseRewardedVideo",
        "inheritsConvenienceInitializers": true,
        "superclassNames": [
          "IronSource.ISBaseRewardedVideo",
          "IronSource.ISBaseAdInteractionAdapter",
          "IronSource.ISBaseAdAdapter",
          "ObjectiveC.NSObject"
        ],
        "conformances": [
          {
            "kind": "Conformance",
            "name": "KidozRewardedDelegate",
            "printedName": "KidozRewardedDelegate",
            "usr": "c:@M@KidozSDK@objc(pl)KidozRewardedDelegate",
            "mangledName": "$s8KidozSDK0A16RewardedDelegateP"
          },
          {
            "kind": "Conformance",
            "name": "Equatable",
            "printedName": "Equatable",
            "usr": "s:SQ",
            "mangledName": "$sSQ"
          },
          {
            "kind": "Conformance",
            "name": "Hashable",
            "printedName": "Hashable",
            "usr": "s:SH",
            "mangledName": "$sSH"
          },
          {
            "kind": "Conformance",
            "name": "CVarArg",
            "printedName": "CVarArg",
            "usr": "s:s7CVarArgP",
            "mangledName": "$ss7CVarArgP"
          },
          {
            "kind": "Conformance",
            "name": "_KeyValueCodingAndObservingPublishing",
            "printedName": "_KeyValueCodingAndObservingPublishing",
            "usr": "s:10Foundation37_KeyValueCodingAndObservingPublishingP",
            "mangledName": "$s10Foundation37_KeyValueCodingAndObservingPublishingP"
          },
          {
            "kind": "Conformance",
            "name": "_KeyValueCodingAndObserving",
            "printedName": "_KeyValueCodingAndObserving",
            "usr": "s:10Foundation27_KeyValueCodingAndObservingP",
            "mangledName": "$s10Foundation27_KeyValueCodingAndObservingP"
          },
          {
            "kind": "Conformance",
            "name": "CustomStringConvertible",
            "printedName": "CustomStringConvertible",
            "usr": "s:s23CustomStringConvertibleP",
            "mangledName": "$ss23CustomStringConvertibleP"
          },
          {
            "kind": "Conformance",
            "name": "CustomDebugStringConvertible",
            "printedName": "CustomDebugStringConvertible",
            "usr": "s:s28CustomDebugStringConvertibleP",
            "mangledName": "$ss28CustomDebugStringConvertibleP"
          }
        ]
      },
      {
        "kind": "Import",
        "name": "Foundation",
        "printedName": "Foundation",
        "declKind": "Import",
        "moduleName": "KidozIronSourceAdapter",
        "declAttributes": [
          "RawDocComment"
        ]
      },
      {
        "kind": "Import",
        "name": "KidozSDK",
        "printedName": "KidozSDK",
        "declKind": "Import",
        "moduleName": "KidozIronSourceAdapter"
      },
      {
        "kind": "Import",
        "name": "IronSource",
        "printedName": "IronSource",
        "declKind": "Import",
        "moduleName": "KidozIronSourceAdapter"
      },
      {
        "kind": "TypeDecl",
        "name": "ISKidozCustomInterstitial",
        "printedName": "ISKidozCustomInterstitial",
        "children": [
          {
            "kind": "Function",
            "name": "loadAd",
            "printedName": "loadAd(with:delegate:)",
            "children": [
              {
                "kind": "TypeNominal",
                "name": "Void",
                "printedName": "()"
              },
              {
                "kind": "TypeNominal",
                "name": "ISAdData",
                "printedName": "IronSource.ISAdData",
                "usr": "c:objc(cs)ISAdData"
              },
              {
                "kind": "TypeNominal",
                "name": "ISInterstitialAdDelegate",
                "printedName": "IronSource.ISInterstitialAdDelegate",
                "usr": "c:objc(pl)ISInterstitialAdDelegate"
              }
            ],
            "declKind": "Func",
            "usr": "c:@M@KidozIronSourceAdapter@objc(cs)ISKidozCustomInterstitial(im)loadAdWithAdData:delegate:",
            "mangledName": "$s22KidozIronSourceAdapter25ISKidozCustomInterstitialC6loadAd4with8delegateySo8ISAdDataC_So014ISInterstitialI8Delegate_ptF",
            "moduleName": "KidozIronSourceAdapter",
            "overriding": true,
            "objc_name": "loadAdWithAdData:delegate:",
            "declAttributes": [
              "Dynamic",
              "ObjC",
              "Override",
              "AccessControl"
            ],
            "funcSelfKind": "NonMutating"
          },
          {
            "kind": "Function",
            "name": "showAd",
            "printedName": "showAd(with:adData:delegate:)",
            "children": [
              {
                "kind": "TypeNominal",
                "name": "Void",
                "printedName": "()"
              },
              {
                "kind": "TypeNominal",
                "name": "UIViewController",
                "printedName": "UIKit.UIViewController",
                "usr": "c:objc(cs)UIViewController"
              },
              {
                "kind": "TypeNominal",
                "name": "ISAdData",
                "printedName": "IronSource.ISAdData",
                "usr": "c:objc(cs)ISAdData"
              },
              {
                "kind": "TypeNominal",
                "name": "ISInterstitialAdDelegate",
                "printedName": "IronSource.ISInterstitialAdDelegate",
                "usr": "c:objc(pl)ISInterstitialAdDelegate"
              }
            ],
            "declKind": "Func",
            "usr": "c:@M@KidozIronSourceAdapter@objc(cs)ISKidozCustomInterstitial(im)showAdWithViewController:adData:delegate:",
            "mangledName": "$s22KidozIronSourceAdapter25ISKidozCustomInterstitialC6showAd4with6adData8delegateySo16UIViewControllerC_So04ISAdL0CSo014ISInterstitialI8Delegate_ptF",
            "moduleName": "KidozIronSourceAdapter",
            "overriding": true,
            "objc_name": "showAdWithViewController:adData:delegate:",
            "declAttributes": [
              "Dynamic",
              "ObjC",
              "Override",
              "AccessControl"
            ],
            "funcSelfKind": "NonMutating"
          },
          {
            "kind": "Function",
            "name": "isAdAvailable",
            "printedName": "isAdAvailable(with:)",
            "children": [
              {
                "kind": "TypeNominal",
                "name": "Bool",
                "printedName": "Swift.Bool",
                "usr": "s:Sb"
              },
              {
                "kind": "TypeNominal",
                "name": "ISAdData",
                "printedName": "IronSource.ISAdData",
                "usr": "c:objc(cs)ISAdData"
              }
            ],
            "declKind": "Func",
            "usr": "c:@M@KidozIronSourceAdapter@objc(cs)ISKidozCustomInterstitial(im)isAdAvailableWithAdData:",
            "mangledName": "$s22KidozIronSourceAdapter25ISKidozCustomInterstitialC13isAdAvailable4withSbSo8ISAdDataC_tF",
            "moduleName": "KidozIronSourceAdapter",
            "overriding": true,
            "objc_name": "isAdAvailableWithAdData:",
            "declAttributes": [
              "Dynamic",
              "ObjC",
              "Override",
              "AccessControl"
            ],
            "funcSelfKind": "NonMutating"
          },
          {
            "kind": "Function",
            "name": "onInterstitialAdLoaded",
            "printedName": "onInterstitialAdLoaded(ad:)",
            "children": [
              {
                "kind": "TypeNominal",
                "name": "Void",
                "printedName": "()"
              },
              {
                "kind": "TypeNominal",
                "name": "KidozInterstitialAd",
                "printedName": "KidozSDK.KidozInterstitialAd",
                "usr": "c:@M@KidozSDK@objc(cs)KidozInterstitialAd"
              }
            ],
            "declKind": "Func",
            "usr": "c:@M@KidozIronSourceAdapter@objc(cs)ISKidozCustomInterstitial(im)onInterstitialAdLoadedWithAd:",
            "mangledName": "$s22KidozIronSourceAdapter25ISKidozCustomInterstitialC02onG8AdLoaded2ady0A3SDK0agI0C_tF",
            "moduleName": "KidozIronSourceAdapter",
            "objc_name": "onInterstitialAdLoadedWithAd:",
            "declAttributes": [
              "ObjC",
              "AccessControl"
            ],
            "funcSelfKind": "NonMutating"
          },
          {
            "kind": "Function",
            "name": "onInterstitialAdFailedToLoad",
            "printedName": "onInterstitialAdFailedToLoad(error:)",
            "children": [
              {
                "kind": "TypeNominal",
                "name": "Void",
                "printedName": "()"
              },
              {
                "kind": "TypeNominal",
                "name": "KidozError",
                "printedName": "KidozSDK.KidozError",
                "usr": "c:@M@KidozSDK@objc(cs)KidozError"
              }
            ],
            "declKind": "Func",
            "usr": "c:@M@KidozIronSourceAdapter@objc(cs)ISKidozCustomInterstitial(im)onInterstitialAdFailedToLoadWithError:",
            "mangledName": "$s22KidozIronSourceAdapter25ISKidozCustomInterstitialC02onG14AdFailedToLoad5errory0A3SDK0A5ErrorC_tF",
            "moduleName": "KidozIronSourceAdapter",
            "objc_name": "onInterstitialAdFailedToLoadWithError:",
            "declAttributes": [
              "ObjC",
              "AccessControl"
            ],
            "funcSelfKind": "NonMutating"
          },
          {
            "kind": "Function",
            "name": "onInterstitialAdShown",
            "printedName": "onInterstitialAdShown(ad:)",
            "children": [
              {
                "kind": "TypeNominal",
                "name": "Void",
                "printedName": "()"
              },
              {
                "kind": "TypeNominal",
                "name": "KidozInterstitialAd",
                "printedName": "KidozSDK.KidozInterstitialAd",
                "usr": "c:@M@KidozSDK@objc(cs)KidozInterstitialAd"
              }
            ],
            "declKind": "Func",
            "usr": "c:@M@KidozIronSourceAdapter@objc(cs)ISKidozCustomInterstitial(im)onInterstitialAdShownWithAd:",
            "mangledName": "$s22KidozIronSourceAdapter25ISKidozCustomInterstitialC02onG7AdShown2ady0A3SDK0agI0C_tF",
            "moduleName": "KidozIronSourceAdapter",
            "objc_name": "onInterstitialAdShownWithAd:",
            "declAttributes": [
              "ObjC",
              "AccessControl"
            ],
            "funcSelfKind": "NonMutating"
          },
          {
            "kind": "Function",
            "name": "onInterstitialAdFailedToShow",
            "printedName": "onInterstitialAdFailedToShow(error:)",
            "children": [
              {
                "kind": "TypeNominal",
                "name": "Void",
                "printedName": "()"
              },
              {
                "kind": "TypeNominal",
                "name": "KidozError",
                "printedName": "KidozSDK.KidozError",
                "usr": "c:@M@KidozSDK@objc(cs)KidozError"
              }
            ],
            "declKind": "Func",
            "usr": "c:@M@KidozIronSourceAdapter@objc(cs)ISKidozCustomInterstitial(im)onInterstitialAdFailedToShowWithError:",
            "mangledName": "$s22KidozIronSourceAdapter25ISKidozCustomInterstitialC02onG14AdFailedToShow5errory0A3SDK0A5ErrorC_tF",
            "moduleName": "KidozIronSourceAdapter",
            "objc_name": "onInterstitialAdFailedToShowWithError:",
            "declAttributes": [
              "ObjC",
              "AccessControl"
            ],
            "funcSelfKind": "NonMutating"
          },
          {
            "kind": "Function",
            "name": "onInterstitialImpression",
            "printedName": "onInterstitialImpression()",
            "children": [
              {
                "kind": "TypeNominal",
                "name": "Void",
                "printedName": "()"
              }
            ],
            "declKind": "Func",
            "usr": "c:@M@KidozIronSourceAdapter@objc(cs)ISKidozCustomInterstitial(im)onInterstitialImpression",
            "mangledName": "$s22KidozIronSourceAdapter25ISKidozCustomInterstitialC02onG10ImpressionyyF",
            "moduleName": "KidozIronSourceAdapter",
            "objc_name": "onInterstitialImpression",
            "declAttributes": [
              "ObjC",
              "AccessControl"
            ],
            "funcSelfKind": "NonMutating"
          },
          {
            "kind": "Function",
            "name": "onInterstitialAdClosed",
            "printedName": "onInterstitialAdClosed(ad:)",
            "children": [
              {
                "kind": "TypeNominal",
                "name": "Void",
                "printedName": "()"
              },
              {
                "kind": "TypeNominal",
                "name": "KidozInterstitialAd",
                "printedName": "KidozSDK.KidozInterstitialAd",
                "usr": "c:@M@KidozSDK@objc(cs)KidozInterstitialAd"
              }
            ],
            "declKind": "Func",
            "usr": "c:@M@KidozIronSourceAdapter@objc(cs)ISKidozCustomInterstitial(im)onInterstitialAdClosedWithAd:",
            "mangledName": "$s22KidozIronSourceAdapter25ISKidozCustomInterstitialC02onG8AdClosed2ady0A3SDK0agI0C_tF",
            "moduleName": "KidozIronSourceAdapter",
            "objc_name": "onInterstitialAdClosedWithAd:",
            "declAttributes": [
              "ObjC",
              "AccessControl"
            ],
            "funcSelfKind": "NonMutating"
          },
          {
            "kind": "Constructor",
            "name": "init",
            "printedName": "init(_:)",
            "children": [
              {
                "kind": "TypeNominal",
                "name": "ISKidozCustomInterstitial",
                "printedName": "KidozIronSourceAdapter.ISKidozCustomInterstitial",
                "usr": "c:@M@KidozIronSourceAdapter@objc(cs)ISKidozCustomInterstitial"
              },
              {
                "kind": "TypeNominal",
                "name": "ISAdapterConfig",
                "printedName": "IronSource.ISAdapterConfig",
                "usr": "c:objc(cs)ISAdapterConfig"
              }
            ],
            "declKind": "Constructor",
            "usr": "c:@M@KidozIronSourceAdapter@objc(cs)ISKidozCustomInterstitial(im)init:",
            "mangledName": "$s22KidozIronSourceAdapter25ISKidozCustomInterstitialCyACSo15ISAdapterConfigCcfc",
            "moduleName": "KidozIronSourceAdapter",
            "overriding": true,
            "implicit": true,
            "objc_name": "init:",
            "declAttributes": [
              "Dynamic",
              "ObjC",
              "Override"
            ],
            "init_kind": "Designated"
          },
          {
            "kind": "Constructor",
            "name": "init",
            "printedName": "init(adUnit:adapterConfig:)",
            "children": [
              {
                "kind": "TypeNominal",
                "name": "ISKidozCustomInterstitial",
                "printedName": "KidozIronSourceAdapter.ISKidozCustomInterstitial",
                "usr": "c:@M@KidozIronSourceAdapter@objc(cs)ISKidozCustomInterstitial"
              },
              {
                "kind": "TypeNominal",
                "name": "ISAdUnit",
                "printedName": "IronSource.ISAdUnit",
                "usr": "c:objc(cs)ISAdUnit"
              },
              {
                "kind": "TypeNominal",
                "name": "ISAdapterConfig",
                "printedName": "IronSource.ISAdapterConfig",
                "usr": "c:objc(cs)ISAdapterConfig"
              }
            ],
            "declKind": "Constructor",
            "usr": "c:@M@KidozIronSourceAdapter@objc(cs)ISKidozCustomInterstitial(im)initWithAdUnit:adapterConfig:",
            "mangledName": "$s22KidozIronSourceAdapter25ISKidozCustomInterstitialC6adUnit13adapterConfigACSo04ISAdI0C_So09ISAdapterK0Ctcfc",
            "moduleName": "KidozIronSourceAdapter",
            "overriding": true,
            "implicit": true,
            "objc_name": "initWithAdUnit:adapterConfig:",
            "declAttributes": [
              "Dynamic",
              "ObjC",
              "Override"
            ],
            "init_kind": "Designated"
          },
          {
            "kind": "Constructor",
            "name": "init",
            "printedName": "init()",
            "children": [
              {
                "kind": "TypeNominal",
                "name": "ISKidozCustomInterstitial",
                "printedName": "KidozIronSourceAdapter.ISKidozCustomInterstitial",
                "usr": "c:@M@KidozIronSourceAdapter@objc(cs)ISKidozCustomInterstitial"
              }
            ],
            "declKind": "Constructor",
            "usr": "c:@M@KidozIronSourceAdapter@objc(cs)ISKidozCustomInterstitial(im)init",
            "mangledName": "$s22KidozIronSourceAdapter25ISKidozCustomInterstitialCACycfc",
            "moduleName": "KidozIronSourceAdapter",
            "overriding": true,
            "implicit": true,
            "objc_name": "init",
            "declAttributes": [
              "Dynamic",
              "ObjC",
              "Override"
            ],
            "init_kind": "Designated"
          }
        ],
        "declKind": "Class",
        "usr": "c:@M@KidozIronSourceAdapter@objc(cs)ISKidozCustomInterstitial",
        "mangledName": "$s22KidozIronSourceAdapter25ISKidozCustomInterstitialC",
        "moduleName": "KidozIronSourceAdapter",
        "objc_name": "ISKidozCustomInterstitial",
        "declAttributes": [
          "AccessControl",
          "ObjC"
        ],
        "superclassUsr": "c:objc(cs)ISBaseInterstitial",
        "inheritsConvenienceInitializers": true,
        "superclassNames": [
          "IronSource.ISBaseInterstitial",
          "IronSource.ISBaseAdInteractionAdapter",
          "IronSource.ISBaseAdAdapter",
          "ObjectiveC.NSObject"
        ],
        "conformances": [
          {
            "kind": "Conformance",
            "name": "KidozInterstitialDelegate",
            "printedName": "KidozInterstitialDelegate",
            "usr": "c:@M@KidozSDK@objc(pl)KidozInterstitialDelegate",
            "mangledName": "$s8KidozSDK0A20InterstitialDelegateP"
          },
          {
            "kind": "Conformance",
            "name": "Equatable",
            "printedName": "Equatable",
            "usr": "s:SQ",
            "mangledName": "$sSQ"
          },
          {
            "kind": "Conformance",
            "name": "Hashable",
            "printedName": "Hashable",
            "usr": "s:SH",
            "mangledName": "$sSH"
          },
          {
            "kind": "Conformance",
            "name": "CVarArg",
            "printedName": "CVarArg",
            "usr": "s:s7CVarArgP",
            "mangledName": "$ss7CVarArgP"
          },
          {
            "kind": "Conformance",
            "name": "_KeyValueCodingAndObservingPublishing",
            "printedName": "_KeyValueCodingAndObservingPublishing",
            "usr": "s:10Foundation37_KeyValueCodingAndObservingPublishingP",
            "mangledName": "$s10Foundation37_KeyValueCodingAndObservingPublishingP"
          },
          {
            "kind": "Conformance",
            "name": "_KeyValueCodingAndObserving",
            "printedName": "_KeyValueCodingAndObserving",
            "usr": "s:10Foundation27_KeyValueCodingAndObservingP",
            "mangledName": "$s10Foundation27_KeyValueCodingAndObservingP"
          },
          {
            "kind": "Conformance",
            "name": "CustomStringConvertible",
            "printedName": "CustomStringConvertible",
            "usr": "s:s23CustomStringConvertibleP",
            "mangledName": "$ss23CustomStringConvertibleP"
          },
          {
            "kind": "Conformance",
            "name": "CustomDebugStringConvertible",
            "printedName": "CustomDebugStringConvertible",
            "usr": "s:s28CustomDebugStringConvertibleP",
            "mangledName": "$ss28CustomDebugStringConvertibleP"
          }
        ]
      }
    ],
    "json_format_version": 8
  },
  "ConstValues": []
}